Date,Open,High,Low,Close,Volume
2009-12-31,19.25,19.36,19.23,19.33,1545900
2010-01-04,19.540001,19.99,19.52,19.950001,6131600
2010-01-05,20.1,20.719999,20.049999,20.6,8395100
2010-01-06,20.65,21.120001,20.6,21.01,9734800
2010-01-07,20.940001,20.950001,20.65,20.790001,4623300
2010-01-08,20.790001,20.860001,20.629999,20.790001,2527500
2010-01-11,20.940001,20.940001,20.51,20.68,2714300
2010-01-12,20.450001,20.48,20.08,20.469999,3854800
2010-01-13,20.41,20.67,20.23,20.5,3493100
2010-01-14,20.610001,20.690001,20.15,20.58,9503800
2010-01-15,20.549999,20.6,20.200001,20.32,3220100
2010-01-18,20.379999,20.67,20.24,20.540001,1347600
2010-01-19,20.549999,20.690001,20.4,20.549999,2971300
2010-01-20,20.51,20.549999,20.25,20.49,2999300
2010-01-21,20.379999,20.43,19.91,19.950001,3665600
2010-01-22,19.83,20.02,19.559999,19.68,3657500
2010-01-25,19.700001,19.91,19.620001,19.75,2760400
2010-01-26,19.700001,19.959999,19.52,19.719999,3271300
2010-01-27,19.65,19.969999,19.51,19.91,2921800
2010-01-28,20,20.040001,19.530001,19.9,2767600
2010-01-29,19.73,20.02,19.540001,19.540001,3984000
2010-02-01,19.65,19.940001,19.610001,19.93,2133100
2010-02-02,20.02,20.17,19.959999,20.040001,4831100
2010-02-03,19.889999,20.110001,19.799999,20.059999,3923500
2010-02-04,19.879999,19.959999,19.35,19.440001,6696800
2010-02-05,19.309999,19.43,18.809999,19.24,5146600
2010-02-08,19.24,19.32,18.83,18.969999,2961000
2010-02-09,19.209999,19.25,18.92,19.24,3409300
2010-02-10,19.25,19.540001,19.200001,19.5,3434800
2010-02-11,19.389999,19.389999,18.57,19.16,13055600
2010-02-12,18.91,18.98,18.67,18.98,4751200
2010-02-16,19.200001,19.200001,18.950001,19.139999,3105500
2010-02-17,19.16,19.5,19.16,19.5,4215100
2010-02-18,19.450001,19.559999,19.389999,19.469999,3180900
2010-02-19,19.48,19.75,19.459999,19.65,4194600
2010-02-22,19.610001,19.639999,19.360001,19.48,2806000
2010-02-23,19.42,19.52,19.17,19.34,3019100
2010-02-24,19.360001,19.450001,19.280001,19.41,2274800
2010-02-25,19.25,19.299999,19,19.27,3647300
2010-02-26,19.209999,19.33,19.129999,19.309999,2566000
2010-03-01,19.4,19.5,19.280001,19.370001,2154700
2010-03-02,19.450001,19.450001,19.049999,19.110001,4659500
2010-03-03,19.15,19.35,19.15,19.309999,2116800
2010-03-04,19.4,19.780001,19.360001,19.75,3703800
2010-03-05,19.860001,20.129999,19.77,19.91,4458900
2010-03-08,20.08,20.110001,19.9,19.91,3225400
2010-03-09,19.889999,20.290001,19.68,20.190001,3505100
2010-03-10,20.26,20.58,20.23,20.440001,4304300
2010-03-11,20.450001,20.540001,20.34,20.51,2959900
2010-03-12,20.4,20.67,20.290001,20.4,5243600
2010-03-15,20.379999,20.610001,20.299999,20.559999,3598400
2010-03-16,20.65,20.790001,20.5,20.620001,4687100
2010-03-17,20.780001,20.99,20.65,20.68,4243000
2010-03-18,20.77,20.77,20.43,20.43,3788800
2010-03-19,20.42,20.450001,20.120001,20.139999,11112100
2010-03-22,19.66,20.07,19.58,19.950001,7142800
2010-03-23,19.950001,20.040001,19.790001,19.889999,4974100
2010-03-24,19.9,20.049999,19.74,20,4058600
2010-03-25,20.120001,20.5,20.07,20.129999,5020000
2010-03-26,20.23,20.59,20.209999,20.290001,5329000
2010-03-29,20.299999,20.459999,19.969999,20.08,6019500
2010-03-30,20.129999,20.200001,19.950001,19.969999,4005900
2010-03-31,19.950001,20.040001,19.77,20.040001,4344000
2010-04-01,20.1,20.26,20.049999,20.25,2387700
2010-04-05,20.32,20.52,20.32,20.450001,2958800
2010-04-06,20.309999,20.540001,20.299999,20.34,1904400
2010-04-07,20.25,20.34,20.02,20.24,3116900
2010-04-08,20.26,20.26,19.870001,19.98,4862400
2010-04-09,20.049999,20.24,19.92,20.1,3712000
2010-04-12,20.049999,20.139999,20,20,3357300
2010-04-13,19.940001,19.99,19.77,19.799999,3389500
2010-04-14,19.879999,20.02,19.68,19.950001,3717600
2010-04-15,19.950001,19.950001,19.68,19.82,3543300
2010-04-16,19.83,19.83,19.389999,19.4,4196900
2010-04-19,19.34,19.65,19.139999,19.6,4371300
2010-04-20,19.76,19.77,19.59,19.59,3675100
2010-04-21,19.639999,19.700001,19.540001,19.620001,3874000
2010-04-22,19.549999,19.549999,19.18,19.379999,4266600
2010-04-23,19.389999,19.42,19.120001,19.190001,5859700
2010-04-26,19.209999,19.360001,19.190001,19.280001,2243800
2010-04-27,19.299999,19.52,18.91,18.940001,6028600
2010-04-28,19.059999,19.059999,18.34,18.34,5809000
2010-04-29,18.5,18.799999,18.379999,18.620001,5747500
2010-04-30,18.68,18.719999,18.25,18.32,4428000
2010-05-03,18.42,18.450001,18.25,18.280001,3708300
2010-05-04,18.17,18.17,17.68,17.950001,6786600
2010-05-05,17.74,17.959999,17.610001,17.67,5753400
2010-05-06,18.120001,18.75,17.48,18.25,12278800
2010-05-07,18.440001,18.440001,17.690001,18.129999,7999900
2010-05-10,19.040001,19.059999,18.299999,18.6,5417300
2010-05-11,18.309999,18.889999,18.26,18.66,4298400
2010-05-12,18.9,19.049999,18.719999,19.049999,3307700
2010-05-13,19.02,19.030001,18.559999,18.690001,6681500
2010-05-14,18.5,18.549999,18.01,18.190001,4665000
2010-05-17,18.25,18.379999,17.74,18.030001,3891600
2010-05-18,18.200001,18.24,17.66,17.74,3737800
2010-05-19,17.620001,17.84,17.200001,17.559999,6293100
2010-05-20,17.200001,17.34,16.799999,16.84,10325300
2010-05-21,16.6,16.879999,16.24,16.76,6382700
2010-05-25,16.33,16.469999,16.200001,16.450001,6342000
2010-05-26,16.799999,16.85,16.51,16.59,5710600
2010-05-27,16.85,17.73,16.85,17.690001,5931700
2010-05-28,17.809999,17.92,17.5,17.58,4244900
2010-05-31,17.799999,17.99,17.639999,17.99,1919300
2010-06-01,17.790001,17.940001,17.52,17.610001,6332900
2010-06-02,17.73,17.83,17.440001,17.83,5193200
2010-06-03,17.889999,18.030001,17.68,17.99,4837500
2010-06-04,17.700001,17.790001,17.1,17.16,5499900
2010-06-07,17.200001,17.299999,16.91,16.93,4516900
2010-06-08,17.01,17.07,16.4,16.76,8954900
2010-06-09,16.950001,16.950001,16.450001,16.5,4563400
2010-06-10,16.709999,16.799999,16.5,16.719999,4039400
2010-06-11,16.58,16.629999,16.42,16.52,5401000
2010-06-14,16.700001,16.73,16.27,16.27,5833200
2010-06-15,16.4,16.879999,16.33,16.76,8877800
2010-06-16,16.74,16.959999,16.639999,16.9,6352700
2010-06-17,16.940001,16.969999,16.58,16.639999,5018100
2010-06-18,16.700001,16.870001,16.540001,16.540001,11217500
2010-06-21,16.809999,17.01,16.700001,16.809999,3793500
2010-06-22,16.74,16.85,16.549999,16.549999,2897800
2010-06-23,16.549999,16.66,16.33,16.4,4021900
2010-06-24,16.42,16.440001,16.219999,16.26,3829400
2010-06-25,16.309999,16.48,16.110001,16.35,3299800
2010-06-28,16.33,16.360001,16.200001,16.25,2602500
2010-06-29,16.110001,16.110001,15.34,15.38,7494200
2010-06-30,15.41,15.68,15.39,15.45,5934800
2010-07-02,15.74,15.74,15.33,15.41,3421600
2010-07-05,15.4,15.45,15.06,15.24,1205600
2010-07-06,15.38,15.72,15.32,15.56,4941600
2010-07-07,15.61,15.7,15.38,15.7,4020500
2010-07-08,15.86,15.86,15.53,15.8,4405000
2010-07-09,15.76,15.82,15.68,15.8,3084000
2010-07-12,15.9,15.9,15.62,15.72,3216500
2010-07-13,15.79,15.86,15.57,15.71,6194200
2010-07-14,15.71,15.71,15.44,15.45,6721000
2010-07-15,15.5,15.73,15.29,15.73,5468400
2010-07-16,15.69,15.69,15.15,15.31,4320000
2010-07-19,15.31,15.34,14.71,14.79,6646600
2010-07-20,14.62,15,14.51,14.98,5991100
2010-07-21,15.07,15.15,14.52,14.63,6155300
2010-07-22,14.8,15.3,14.77,15.29,3938400
2010-07-23,15.2,15.21,14.83,15.08,4435200
2010-07-26,15.14,15.15,14.95,15.13,3057800
2010-07-27,15.27,15.89,15.26,15.8,9903500
2010-07-28,15.76,15.95,15.56,15.7,4894000
2010-07-29,15.78,16.67,15.78,16.370001,9768100
2010-07-30,16.24,16.59,16.09,16.34,8086900
2010-08-03,16.6,16.639999,16.030001,16.09,5886300
2010-08-04,16.190001,16.209999,15.99,16,3091900
2010-08-05,15,15.08,13.74,14.2,28421800
2010-08-06,14,14.1,13.76,14.03,15577400
2010-08-09,14.2,14.29,14.06,14.27,5339200
2010-08-10,14.15,14.18,14,14.01,5525800
2010-08-11,13.8,13.8,13.32,13.41,10783000
2010-08-12,13.19,13.36,12.72,12.79,20965700
2010-08-13,12.75,12.87,12.16,12.73,19323000
2010-08-16,12.67,12.76,12.5,12.74,6870700
2010-08-17,12.9,12.97,12.54,12.66,9165900
2010-08-18,12.7,12.71,12.36,12.6,6884200
2010-08-19,12.52,12.54,12.22,12.31,7021000
2010-08-20,12.3,12.39,12.17,12.33,6626100
2010-08-23,12.45,12.48,12.26,12.38,5605500
2010-08-24,12.24,12.24,11.66,11.71,11967500
2010-08-25,11.3,11.79,11.27,11.77,11990800
2010-08-26,11.82,11.98,11.58,11.68,10072800
2010-08-27,11.77,12.06,11.58,12.06,7950100
2010-08-30,12.05,12.05,11.86,11.92,3360900
2010-08-31,11.87,12.06,11.76,11.87,7495600
2010-09-01,12,12.63,11.94,12.53,14167900
2010-09-02,12.63,12.89,12.49,12.86,9950000
2010-09-03,13.29,13.42,13.15,13.23,10076400
2010-09-07,13.2,13.2,12.77,12.99,2712900
2010-09-08,13.06,13.29,12.73,12.79,8270400
2010-09-09,12.98,13.35,12.94,13,6695700
2010-09-10,13.08,13.51,13.01,13.48,14632500
2010-09-13,13.75,13.96,13.49,13.64,9659500
2010-09-14,13.58,13.73,13.4,13.5,5583000
2010-09-15,13.45,13.53,13.21,13.22,8022900
2010-09-16,13.17,13.28,12.97,13.13,6489600
2010-09-17,13.29,13.32,12.92,12.99,14743500
2010-09-20,13.13,13.57,13.06,13.48,5421300
2010-09-21,13.59,13.65,13.36,13.4,7155400
2010-09-22,13.31,13.38,12.74,12.79,11947500
2010-09-23,12.7,12.88,12.48,12.76,7272700
2010-09-24,13.04,13.17,12.93,13.15,5726700
2010-09-27,13.13,13.16,12.96,13.07,3630100
2010-09-28,13.09,13.1,12.8,12.97,5364200
2010-09-29,12.97,13,12.74,13,5610000
2010-09-30,13.01,13.15,12.86,12.98,7897400
2010-10-01,13.08,13.1,12.76,12.76,5004300
2010-10-04,12.81,12.94,12.7,12.78,3826100
2010-10-05,12.8,12.98,12.73,12.95,3694300
2010-10-06,12.94,12.94,12.54,12.71,5023900
2010-10-07,12.63,12.72,12.41,12.59,6410800
2010-10-08,12.58,12.58,12.38,12.41,6622800
2010-10-12,12.46,12.52,12.39,12.43,5341700
2010-10-13,12.59,12.62,12.44,12.45,5226900
2010-10-14,12.5,12.52,12.33,12.38,4347900
2010-10-15,12.45,12.47,12.3,12.42,4498100
2010-10-18,12.43,12.76,12.43,12.71,4695900
2010-10-19,12.6,12.9,12.53,12.66,5112500
2010-10-20,12.74,13.13,12.69,13.01,5481500
2010-10-21,13.02,13.08,12.81,12.93,4834200
2010-10-22,12.96,12.99,12.77,12.78,3018000
2010-10-25,12.88,12.92,12.81,12.82,2629400
2010-10-26,12.83,13.18,12.81,13.08,4522600
2010-10-27,13.02,13.05,12.8,12.88,6354500
2010-10-28,12.95,13.02,12.83,13,4431700
2010-10-29,12.95,13.04,12.5,12.91,5257000
2010-11-01,12.98,12.99,12.7,12.76,3464600
2010-11-02,12.81,12.84,12.44,12.62,8675200
2010-11-03,12.6,12.93,12.5,12.9,6531100
2010-11-04,13.15,14.33,13.15,14.11,19665500
2010-11-05,14.09,14.98,14.05,14.79,20877200
2010-11-08,14.92,15.52,14.84,15.4,8815200
2010-11-09,15.54,15.56,15.12,15.24,8718600
2010-11-10,15.11,15.32,14.95,15.2,10051000
2010-11-11,15.06,15.24,14.88,15.1,5875600
2010-11-12,14.83,15.05,14.77,14.9,9703200
2010-11-15,14.97,15.35,14.95,15.22,11626700
2010-11-16,15.15,15.26,15.05,15.23,8631400
2010-11-17,15.16,15.43,15.16,15.33,6062900
2010-11-18,15.49,15.8,15.46,15.69,6689700
2010-11-19,15.67,15.67,15.21,15.35,9971300
2010-11-22,15.08,15.08,14.6,14.88,7322500
2010-11-23,14.58,14.73,14.31,14.38,7286800
2010-11-24,14.55,14.58,14.32,14.44,4050300
2010-11-25,14.44,14.53,14.39,14.43,2638700
2010-11-26,14.3,14.59,14.26,14.41,2725000
2010-11-29,14.31,14.57,14.28,14.46,6448900
2010-11-30,14.3,14.58,14.26,14.28,9087600
2010-12-01,14.48,14.68,14.48,14.6,4761100
2010-12-02,14.75,15.05,14.68,14.88,4922100
2010-12-03,14.82,15.05,14.79,15.01,6690500
2010-12-06,14.92,15.28,14.92,15.28,5592000
2010-12-07,15.4,15.55,15.28,15.37,7097700
2010-12-08,15.37,16.18,15.34,15.98,12984700
2010-12-09,16.120001,16.139999,15.8,15.98,8526900
2010-12-10,16.059999,16.91,16.030001,16.889999,11027300
2010-12-13,16.98,17.09,16.76,16.790001,8407300
2010-12-14,16.4,16.85,16.4,16.67,9554200
2010-12-15,16.65,16.68,16.52,16.65,5974000
2010-12-16,16.59,17.139999,16.58,16.98,8783600
2010-12-17,17.15,17.18,16.84,16.959999,9392800
2010-12-20,17,17.209999,16.98,17.129999,4876000
2010-12-21,17.02,17.41,17.02,17.32,5312300
2010-12-22,17.34,17.450001,17.26,17.41,4501800
2010-12-23,17.35,17.459999,17.16,17.209999,5712500
2010-12-24,17.18,17.26,17.17,17.24,265300
2010-12-29,17.24,17.290001,17.049999,17.17,2185800
2010-12-30,17.1,17.16,17.040001,17.139999,1491300
2010-12-31,17,17.200001,16.950001,17.15,2059200
2011-01-04,17.5,17.5,17.190001,17.27,2761400
2011-01-05,17.25,17.860001,17.030001,17.780001,12696900
2011-01-06,17.92,18.07,17.68,17.68,7689900
2011-01-07,17.75,17.889999,17.5,17.629999,4903700
2011-01-10,17.629999,17.66,17.15,17.450001,4870400
2011-01-11,17.780001,17.799999,17.5,17.549999,4679000
2011-01-12,17.690001,17.73,17.469999,17.5,4297600
2011-01-13,17.5,17.6,17.299999,17.360001,3715500
2011-01-14,17.440001,17.65,17.299999,17.58,3297600
2011-01-17,17.58,17.66,17.530001,17.57,1016800
2011-01-18,17.57,17.780001,17.549999,17.700001,2650600
2011-01-19,17.67,17.68,17.41,17.530001,3269800
2011-01-20,17.459999,17.52,17.27,17.360001,2039200
2011-01-21,17.370001,17.549999,17.24,17.24,5731000
2011-01-24,17.34,17.52,17.200001,17.52,2390200
2011-01-25,17.57,17.68,17.27,17.51,3426800
2011-01-26,17.629999,17.629999,17.389999,17.59,3356300
2011-01-27,17.540001,17.85,17.5,17.76,2916300
2011-01-28,17.76,17.870001,17.33,17.35,3949900
2011-01-31,17.360001,17.57,17.34,17.450001,3511100
2011-02-01,17.49,18.02,17.450001,17.950001,7138600
2011-02-02,17.83,18.040001,17.83,17.92,2676200
2011-02-03,18,18.65,17.93,18.65,4587700
2011-02-04,18.799999,18.99,18.65,18.84,5410400
2011-02-07,19,19.290001,18.92,19.15,4392600
2011-02-08,19.25,19.25,18.92,19.16,4511100
2011-02-09,19.059999,19.1,18.76,18.92,4269000
2011-02-10,18.43,18.459999,17.68,17.950001,11780500
2011-02-11,17.85,18.120001,17.559999,17.92,6631900
2011-02-14,18.07,18.25,17.93,18.25,4242100
2011-02-15,18.299999,18.74,18.200001,18.690001,4825800
2011-02-16,18.77,19.18,18.77,19.07,6864700
2011-02-17,19.139999,19.15,18.959999,19.040001,10346900
2011-02-18,18.98,19.01,18.719999,18.91,7133000
2011-02-22,18.450001,18.709999,18.01,18.139999,4880600
2011-02-23,18.02,18.209999,17.809999,17.940001,4652400
2011-02-24,17.9,18.68,17.860001,18.290001,10047600
2011-02-25,18.42,18.530001,18.200001,18.33,3158300
2011-02-28,18.290001,18.440001,18.18,18.360001,3761400
2011-03-01,18.5,18.65,18.32,18.379999,5440000
2011-03-02,18.35,18.41,17.969999,18.059999,5127200
2011-03-03,18.23,18.65,18.23,18.58,5130100
2011-03-04,18.68,18.700001,18.25,18.32,3657400
2011-03-07,18.43,18.549999,17.9,17.959999,6944700
2011-03-08,18.059999,18.190001,17.889999,18.02,5964900
2011-03-09,18.120001,18.129999,17.709999,17.780001,5269700
2011-03-10,17.58,17.700001,17.440001,17.549999,4311600
2011-03-11,17.23,17.48,17.190001,17.35,2525500
2011-03-14,16.950001,17,16.530001,16.74,10750800
2011-03-15,16,16.26,15.61,16.02,10809800
2011-03-16,16.200001,16.75,16.02,16.139999,10729800
2011-03-17,16.67,16.68,16.23,16.43,5614100
2011-03-18,16.540001,16.83,16.540001,16.82,11471200
2011-03-21,17.02,17.280001,16.92,17.25,3832100
2011-03-22,17.25,17.41,17.059999,17.120001,3860000
2011-03-23,17.1,17.110001,16.92,17.059999,3008300
2011-03-24,17.040001,17.219999,16.940001,17.07,2641800
2011-03-25,17.1,17.219999,17.040001,17.110001,1773700
2011-03-28,17.139999,17.190001,16.73,16.75,3925500
2011-03-29,16.620001,16.93,16.58,16.9,3245600
2011-03-30,17,17.25,16.9,17.190001,4602300
2011-03-31,17.219999,17.27,17.059999,17.18,4407800
2011-04-01,17.290001,17.41,17.25,17.370001,4334600
2011-04-04,17.440001,17.48,17.32,17.389999,2364700
2011-04-05,17.17,17.27,16.959999,17.01,5909700
2011-04-06,17.1,17.190001,16.959999,17.15,2633900
2011-04-07,17.1,17.18,16.98,16.98,2615100
2011-04-08,17.049999,17.139999,16.879999,16.950001,2352400
2011-04-11,16.950001,16.98,16.6,16.700001,2608200
2011-04-12,16.5,16.690001,16.209999,16.459999,4874900
2011-04-13,16.549999,16.73,16.35,16.35,3603200
2011-04-14,16.35,16.76,16.290001,16.719999,4270500
2011-04-15,16.709999,16.780001,16.43,16.450001,3790000
2011-04-18,16.26,16.360001,16.040001,16.18,4526700
2011-04-19,16.030001,16.530001,16.030001,16.49,3115100
2011-04-20,16.690001,16.9,16.639999,16.68,2599200
2011-04-21,16.82,16.98,16.549999,16.799999,2445200
2011-04-25,16.76,16.92,16.65,16.82,2146000
2011-04-26,16.82,17.07,16.790001,17,1987800
2011-04-27,17.01,17.030001,16.700001,16.92,4100000
2011-04-28,16.84,16.98,16.76,16.959999,2400000
2011-04-29,16.93,17.030001,16.77,16.99,2700000
2011-05-02,17.049999,17.629999,17.01,17.5,6129400
2011-05-03,17.459999,17.540001,16.77,16.799999,5735900
2011-05-04,16.809999,16.879999,16.59,16.82,2416900
2011-05-05,17.290001,17.290001,16.6,16.620001,7213800
2011-05-06,16.92,17.66,16.92,17.469999,12108800
2011-05-09,17.48,17.84,17.459999,17.790001,4788000
2011-05-10,17.85,17.93,17.719999,17.84,3700000
2011-05-11,17.75,17.879999,17.440001,17.530001,5415300
2011-05-12,17.41,17.65,17.200001,17.6,6000000
2011-05-13,17.59,17.59,17.120001,17.25,5166800
2011-05-16,17.25,17.43,17.15,17.17,3700000
2011-05-17,17.15,17.32,17.120001,17.209999,6504000
2011-05-18,17.290001,17.5,17.110001,17.459999,3103600
2011-05-19,17.459999,17.6,17.309999,17.59,3068400
2011-05-20,17.469999,17.620001,17.4,17.51,3270500
2011-05-24,17.209999,17.23,16.950001,17.01,4400000
2011-05-25,16.9,17.07,16.82,17.030001,3295600
2011-05-26,17.030001,17.08,16.860001,17.01,2657200
2011-05-27,17.040001,17.16,17.01,17.09,2100000
2011-05-30,17.059999,17.219999,17.059999,17.17,650300
2011-05-31,17.25,17.309999,17.129999,17.27,5808200
2011-06-01,17.27,17.290001,16.440001,16.440001,6283500
2011-06-02,16.52,16.76,16.42,16.6,3887800
2011-06-03,16.35,16.51,16.200001,16.450001,3400000
2011-06-06,16.379999,16.469999,16.059999,16.26,3616700
2011-06-07,16.23,16.34,16.049999,16.07,3100000
2011-06-08,16.049999,16.26,16.01,16.1,2245400
2011-06-09,16.110001,16.190001,16.01,16.08,3127600
2011-06-10,16.030001,16.030001,15.52,15.76,3252800
2011-06-13,15.78,16.049999,15.64,15.9,3572100
2011-06-14,16,16.219999,15.97,16.139999,5109300
2011-06-15,16.01,16.1,15.66,15.75,6111700
2011-06-16,15.75,16.01,15.7,15.73,7495400
2011-06-17,15.72,15.95,15.56,15.56,6138800
2011-06-20,15.61,16.01,15.57,15.95,3356100
2011-06-21,16.1,16.57,16.02,16.4,5445700
2011-06-22,16.35,16.469999,16.129999,16.190001,3759800
2011-06-23,16,16.1,15.73,16,3560400
2011-06-24,16,16.059999,15.77,15.98,2440300
2011-06-27,15.97,16.23,15.93,16.209999,2896700
2011-06-28,16.25,16.5,16.25,16.440001,2736600
2011-06-29,16.57,16.66,16.299999,16.450001,3300000
2011-06-30,16.48,17.16,16.42,17.08,5063900
2011-07-04,17.17,17.219999,17.01,17.059999,1630200
2011-07-05,17.1,17.23,16.9,17.02,3464700
2011-07-06,17.049999,17.07,16.889999,17,3253000
2011-07-07,17.120001,17.190001,16.860001,17.049999,4155300
2011-07-08,16.98,16.99,16.83,16.870001,2456700
2011-07-11,16.73,16.73,16.17,16.309999,4280900
2011-07-12,16.16,16.41,16.120001,16.139999,4483200
2011-07-13,16.190001,16.5,16.17,16.209999,3336300
2011-07-14,16.25,16.309999,15.92,16.030001,1999300
2011-07-15,16.139999,16.17,15.92,15.99,2342700
2011-07-18,15.93,16.01,15.54,15.57,2994700
2011-07-19,15.61,15.92,15.61,15.9,2496000
2011-07-20,15.99,16.02,15.85,15.89,2469800
2011-07-21,16.01,16.18,15.97,16.110001,2915700
2011-07-22,16.110001,16.17,15.94,15.94,2483000
2011-07-25,15.82,15.94,15.71,15.82,2062500
2011-07-26,15.74,15.83,15.53,15.6,2344700
2011-07-27,15.55,15.58,15.13,15.15,3071500
2011-07-28,15.16,15.61,15.09,15.34,2049900
2011-07-29,15.2,15.33,15.02,15.18,3555300
2011-08-02,15.23,15.23,14.51,14.57,4641400
2011-08-03,14.5,14.55,14.15,14.4,7104800
2011-08-04,14.3,14.37,13.81,13.93,6156100
2011-08-05,14.1,14.14,13.33,13.67,6606200
2011-08-08,12.92,13.49,12.31,12.53,8578600
2011-08-09,12.87,13.2,12.28,13.19,7187000
2011-08-10,13.04,13.05,12.21,12.5,11747600
2011-08-11,12.84,13.29,12.26,13.08,10675500
2011-08-12,13.44,13.74,13.09,13.18,7814600
2011-08-15,13.48,13.78,13.36,13.73,6797900
2011-08-16,13.59,13.91,13.51,13.7,5867700
2011-08-17,13.85,14.05,13.78,13.92,4503400
2011-08-18,13.5,13.5,13,13.07,7821800
2011-08-19,12.52,13.08,12.43,12.49,6496400
2011-08-22,12.94,12.94,12.49,12.57,4336300
2011-08-23,12.7,13.08,12.52,13.07,11198000
2011-08-24,13.03,13.24,12.88,13.22,3867400
2011-08-25,13.31,13.52,12.73,12.8,5399900
2011-08-26,12.7,12.99,12.29,12.71,6892700
2011-08-29,12.99,13.44,12.91,13.29,3514200
2011-08-30,13.18,13.28,12.91,13.23,3221500
2011-08-31,13.4,13.67,13.29,13.39,5237100
2011-09-01,13.52,13.52,13.08,13.15,4788500
2011-09-02,12.87,13.03,12.68,12.77,5047800
2011-09-06,12.53,12.64,12.26,12.63,4649500
2011-09-07,12.79,13.04,12.77,13,4028200
2011-09-08,12.95,13.07,12.82,12.86,3919900
2011-09-09,12.79,12.79,12.27,12.32,4266500
2011-09-12,12.15,12.25,11.85,12.01,9266800
2011-09-13,12.08,12.25,11.95,12.06,8963000
2011-09-14,12.24,12.42,12.03,12.15,7556300
2011-09-15,12.45,12.92,12.45,12.91,6721900
2011-09-16,12.93,13.07,12.45,12.45,11541000
2011-09-19,12.22,12.49,12.1,12.43,2698800
2011-09-20,12.53,12.64,12.39,12.45,3422600
2011-09-21,12.4,12.54,11.88,11.91,5109000
2011-09-22,11.48,11.49,10.95,11.49,10920500
2011-09-23,11.26,11.71,11.26,11.46,5329300
2011-09-26,11.64,12,11.29,12,8848200
2011-09-27,12.25,12.47,12.2,12.25,7447400
2011-09-28,12.32,12.32,11.68,11.72,4658300
2011-09-29,12.03,12.3,11.92,12.3,7929900
2011-09-30,12,12.09,11.86,11.94,5700000
2011-10-03,11.7,11.8,11.33,11.37,5659500
2011-10-04,11.1,11.39,10.91,11.39,5000000
2011-10-05,11.5,12.11,11.4,11.95,5800000
2011-10-06,12.04,12.28,11.88,12.24,4400000
2011-10-07,12.34,12.38,11.84,11.88,3400000
2011-10-11,12.35,12.49,12.08,12.36,3800000
2011-10-12,12.47,13.05,12.45,12.85,4600000
2011-10-13,12.86,12.88,12.41,12.46,4200000
2011-10-14,12.67,13,12.65,12.94,5200000
2011-10-17,12.64,12.65,12.15,12.34,5700000
2011-10-18,12.21,12.77,12.09,12.77,5841300
2011-10-19,12.75,12.79,12.41,12.51,4000000
2011-10-20,12.43,12.64,12.25,12.44,3337300
2011-10-21,12.8,12.88,12.57,12.76,3158400
2011-10-24,12.85,13.16,12.79,13.16,5472200
2011-10-25,13.17,13.28,12.9,13,9466900
2011-10-26,13.17,13.23,12.86,13.02,3309500
2011-10-27,13.6,14.05,13.54,13.94,7533700
2011-10-28,13.73,13.88,13.56,13.68,4930800
2011-10-31,13.36,13.48,13.16,13.16,3544000
2011-11-01,12.63,12.72,12.38,12.42,6775500
2011-11-02,12.62,12.72,12.38,12.55,5483600
2011-11-03,12.34,13.11,12.3,13.11,7660100
2011-11-04,13.06,13.09,12.68,12.79,3484200
2011-11-07,12.75,12.81,12.42,12.54,4823800
2011-11-08,12.62,12.81,12.5,12.77,4566500
2011-11-09,12.46,12.48,12.11,12.11,4817400
2011-11-10,12.26,12.32,12,12.01,5531600
2011-11-11,12.13,12.27,12.04,12.04,7654100
2011-11-14,12.01,12.09,11.86,12,2600000
2011-11-15,11.94,11.97,11.72,11.77,4067200
2011-11-16,11.7,11.94,11.67,11.8,9600000
2011-11-17,11.81,11.86,11.42,11.49,2721100
2011-11-18,11.53,11.56,11.17,11.33,6200000
2011-11-21,11.11,11.2,10.79,11.2,7997800
2011-11-22,11.23,11.27,10.99,11.08,3579200
2011-11-23,11,11.04,10.75,10.78,6753000
2011-11-24,10.88,10.96,10.69,10.77,2356400
2011-11-25,10.76,11.13,10.73,10.84,2619700
2011-11-28,11.13,11.19,10.85,10.9,4639600
2011-11-29,10.94,11.02,10.8,10.85,5322900
2011-11-30,11.15,11.37,10.89,10.99,19635200
2011-12-01,10.85,11.07,10.84,10.93,4713200
2011-12-02,11.05,11.39,11,11.2,6204300
2011-12-05,11.38,11.92,11.36,11.63,8488300
2011-12-06,11.72,11.73,11.3,11.35,7454300
2011-12-07,11.35,11.58,11.16,11.5,8868900
2011-12-08,11.38,11.5,11.08,11.16,4463700
2011-12-09,11.19,11.4,11.14,11.32,4070700
2011-12-12,11.08,11.14,10.85,10.91,7700000
2011-12-13,10.93,11.12,10.52,10.53,8100000
2011-12-14,10.53,10.66,10.38,10.38,13470600
2011-12-15,10.5,10.59,10.25,10.25,8900000
2011-12-16,10.32,10.5,10.32,10.41,8929100
2011-12-19,10.45,10.52,10.18,10.25,6076100
2011-12-20,10.32,10.43,10.27,10.29,6669200
2011-12-21,10.3,10.4,10.25,10.35,10076700
2011-12-22,10.4,10.73,10.39,10.68,4662400
2011-12-23,10.65,10.68,10.52,10.6,3203400
2011-12-28,10.64,10.64,10.35,10.45,2484000
2011-12-29,10.51,10.76,10.48,10.68,1969900
2011-12-30,10.69,10.86,10.62,10.85,3626200
2012-01-03,11.15,11.23,11.03,11.2,4466800
2012-01-04,11.16,11.33,11.07,11.27,3813600
2012-01-05,11.24,11.42,11.11,11.42,4326200
2012-01-06,11.43,11.44,11.31,11.43,3084200
2012-01-09,11.42,11.53,11.32,11.51,3464400
2012-01-10,11.67,11.69,11.54,11.57,3558700
2012-01-11,11.57,11.79,11.57,11.76,2700000
2012-01-12,11.8,11.93,11.65,11.89,3560300
2012-01-13,11.8,11.93,11.65,11.92,3911400
2012-01-16,11.88,11.94,11.85,11.88,1346500
2012-01-17,11.99,12.1,11.89,11.94,7815600
2012-01-18,11.9,12.08,11.84,11.92,6873100
2012-01-19,12.05,12.38,11.99,12.33,6258500
2012-01-20,12.36,12.68,12.28,12.65,4662500
2012-01-23,12.69,12.96,12.66,12.76,4951400
2012-01-24,12.6,12.75,12.52,12.72,3200000
2012-01-25,12.7,12.75,12.38,12.55,4659800
2012-01-26,12.43,12.47,11.88,11.91,8093600
2012-01-27,11.84,11.97,11.7,11.87,3545300
2012-01-30,11.78,11.83,11.63,11.81,2726600
2012-01-31,11.98,11.98,11.69,11.71,3810700
2012-02-01,11.82,12.06,11.81,11.94,3522700
2012-02-02,11.93,11.98,11.83,11.93,3452900
2012-02-03,12.15,12.47,12.15,12.34,7224300
2012-02-06,12.23,12.38,12.12,12.27,3131200
2012-02-07,12.34,12.39,12.04,12.09,2995000
2012-02-08,12.18,12.21,11.98,12.11,3928500
2012-02-09,11.96,12.05,11.78,11.88,6384400
2012-02-10,11.76,11.76,11.45,11.75,7034600
2012-02-13,11.88,11.99,11.77,11.98,3558900
2012-02-14,11.85,11.95,11.62,11.87,6194700
2012-02-15,11.9,12.11,11.83,12.04,5577800
2012-02-16,11.96,12.64,11.96,12.59,9908900
2012-02-17,12.51,12.95,12.51,12.64,14315600
2012-02-21,12.67,12.9,12.55,12.71,5407700
2012-02-22,12.74,12.75,12.41,12.45,4381800
2012-02-23,12.4,12.5,12.31,12.47,4104600
2012-02-24,12.46,12.55,12.44,12.5,3355700
2012-02-27,12.41,12.44,12.22,12.39,2821100
2012-02-28,12.42,12.57,12.34,12.54,4526300
2012-02-29,12.65,12.75,12.37,12.38,11310200
2012-03-01,12.41,12.7,12.4,12.64,4719300
2012-03-02,12.7,12.72,12.42,12.45,2515100
2012-03-05,12.4,12.45,12.27,12.31,3236600
2012-03-06,12.16,12.21,11.81,11.81,9817600
2012-03-07,11.84,11.89,11.66,11.8,3822000
2012-03-08,11.9,12.06,11.81,12,2754100
2012-03-09,12.09,12.24,12.02,12.22,3194100
2012-03-12,12.24,12.33,12.14,12.27,4823800
2012-03-13,12.34,12.71,12.3,12.65,4897200
2012-03-14,12.75,14.03,12.75,13.49,18413500
2012-03-15,13.63,13.78,13.42,13.72,7462100
2012-03-16,13.8,14.07,13.67,13.71,15653500
2012-03-19,13.7,13.94,13.56,13.6,3290700
2012-03-20,13.45,13.58,13.24,13.52,4066600
2012-03-21,13.51,13.6,13.34,13.44,3450100
2012-03-22,13.37,13.59,13.25,13.54,3689600
2012-03-23,13.51,13.67,13.45,13.66,3876600
2012-03-26,13.75,14.04,13.69,13.96,6678100
2012-03-27,13.96,13.98,13.74,13.85,3400000
2012-03-28,13.8,13.87,13.69,13.76,3595400
2012-03-29,13.66,13.71,13.2,13.46,7956700
2012-03-30,13.55,13.75,13.46,13.51,5127700
2012-04-02,13.41,13.73,13.35,13.71,2920400
2012-04-03,13.67,13.67,13.3,13.36,3981300
2012-04-04,13.18,13.35,13.07,13.19,4296800
2012-04-05,13.16,13.2,13.02,13.14,4300000
2012-04-09,12.97,12.99,12.71,12.73,3900000
2012-04-10,12.71,12.74,12.28,12.36,7669900
2012-04-11,12.55,12.69,12.39,12.63,6231800
2012-04-12,12.67,13.51,12.63,13.4,6324800
2012-04-13,13.27,13.32,12.86,12.94,4991200
2012-04-16,13.11,13.17,12.87,12.94,3640000
2012-04-17,13.02,13.39,13.01,13.28,3900700
2012-04-18,13.17,13.35,13.05,13.22,2911200
2012-04-19,13.23,13.51,13.2,13.47,7717400
2012-04-20,13.59,13.64,13.28,13.32,3130500
2012-04-23,13.03,13.15,12.92,13.13,3453000
2012-04-24,13.11,13.25,13.06,13.16,2295100
2012-04-25,13.3,13.38,13.08,13.38,3332200
2012-04-26,13.27,13.39,13.17,13.32,3303500
2012-04-27,13.31,13.64,13.26,13.64,2828500
2012-04-30,13.55,13.6,13.31,13.51,3000000
2012-05-01,13.53,13.68,13.28,13.31,4302000
2012-05-02,13.15,13.38,13.06,13.34,3565600
2012-05-03,13.85,13.86,12.68,12.98,8300000
2012-05-04,12.82,12.91,12.52,12.65,4251600
2012-05-07,12.57,12.73,12.48,12.63,3581700
2012-05-08,12.6,12.63,12.28,12.43,5431800
2012-05-09,12.3,12.37,12.12,12.19,5700000
2012-05-10,12.34,12.35,12.19,12.2,6500000
2012-05-11,12.09,12.48,12.01,12.36,8246800
2012-05-14,12.1,12.16,11.97,12,5500000
2012-05-15,11.99,12.03,11.57,11.64,4372600
2012-05-16,11.71,11.79,11.24,11.25,4600000
2012-05-17,11.27,11.34,11.12,11.16,12669900
2012-05-18,11.35,11.35,10.96,10.99,3200000
2012-05-22,11.21,11.44,11.19,11.29,5300000
2012-05-23,11.12,11.25,10.8,11.23,5662900
2012-05-24,11.48,11.48,11.14,11.37,6199400
2012-05-25,11.3,11.35,11.19,11.23,2477400
2012-05-28,11.34,11.51,11.23,11.49,3218400
2012-05-29,11.53,11.53,11.26,11.41,2037200
2012-05-30,11.17,11.25,10.9,10.9,5430800
2012-05-31,10.99,11.16,10.76,11.13,6178800
2012-06-01,10.75,10.85,10.49,10.51,8636000
2012-06-04,10.55,10.66,10.39,10.58,3549100
2012-06-05,10.54,10.83,10.53,10.77,3423500
2012-06-06,10.87,11.06,10.78,11.03,4483700
2012-06-07,11.15,11.32,10.99,11.02,4438600
2012-06-08,10.93,11.02,10.78,10.82,3676900
2012-06-11,11.1,11.11,10.64,10.68,2896700
2012-06-12,10.72,10.93,10.7,10.8,3418700
2012-06-13,10.73,11.09,10.72,10.77,3953900
2012-06-14,10.83,10.87,10.57,10.57,4654800
2012-06-15,10.66,10.84,10.63,10.74,9507500
2012-06-18,10.7,11.13,10.68,11.01,16787500
2012-06-19,11.07,11.35,11.07,11.24,4967400
2012-06-20,11.32,11.32,11.06,11.2,2785100
2012-06-21,11.16,11.28,10.82,10.84,3037200
2012-06-22,10.91,11.02,10.77,10.86,2003200
2012-06-25,10.76,10.78,10.52,10.55,2256700
2012-06-26,10.63,10.77,10.52,10.75,4646200
2012-06-27,10.76,10.84,10.64,10.84,2301000
2012-06-28,10.69,10.77,10.58,10.77,4339300
2012-06-29,11.08,11.17,10.98,11.09,6435800
2012-07-03,11.23,11.49,11.1,11.36,3825900
2012-07-04,11.39,11.52,11.36,11.45,1470400
2012-07-05,11.45,11.45,11.23,11.24,2862500
2012-07-06,11.1,11.13,10.82,10.9,4118400
2012-07-09,10.91,11.12,10.84,11.05,3113100
2012-07-10,11.07,11.17,10.9,10.96,2604000
2012-07-11,11.02,11.14,10.98,11.1,1841300
2012-07-12,10.96,11.03,10.65,10.65,3210200
2012-07-13,10.75,10.9,10.72,10.88,2145900
2012-07-16,10.82,10.84,10.6,10.72,6587100
2012-07-17,10.73,10.78,10.65,10.74,1863600
2012-07-18,10.75,10.87,10.68,10.72,1447500
2012-07-19,10.81,10.9,10.74,10.86,1918500
2012-07-20,10.81,10.81,10.65,10.67,2075200
2012-07-23,10.6,10.6,10.25,10.3,4420700
2012-07-24,10.36,10.44,10.25,10.29,2074500
2012-07-25,10.35,10.37,10.18,10.22,1733500
2012-07-26,10.35,10.43,10.23,10.42,3505300
2012-07-27,10.55,10.83,10.46,10.8,2634000
2012-07-30,10.84,10.85,10.66,10.7,1417200
2012-07-31,10.79,10.79,10.59,10.77,2713200
2012-08-01,10.83,10.84,10.45,10.49,2609200
2012-08-02,10.41,10.54,10.32,10.36,2173200
2012-08-03,10.56,10.79,10.56,10.77,2198100
2012-08-07,10.8,11.05,10.78,11.05,3434600
2012-08-08,11.02,11.02,10.83,10.83,1949700
2012-08-09,10.65,11,10.64,10.89,2273700
2012-08-10,10.85,10.96,10.8,10.96,2841400
2012-08-13,10.92,11.31,10.88,11.23,3932700
2012-08-14,11.25,11.51,11.25,11.36,3835100
2012-08-15,11.44,11.44,11.23,11.31,3434100
2012-08-16,11.34,11.56,11.24,11.55,2633100
2012-08-17,11.48,11.49,11.31,11.34,5288900
2012-08-20,11.28,11.35,11.09,11.14,3439600
2012-08-21,11.21,11.31,11.07,11.09,4017800
2012-08-22,11.07,11.19,11.02,11.16,1991000
2012-08-23,11.1,11.13,10.82,10.86,3395900
2012-08-24,10.85,11.1,10.84,10.96,1457400
2012-08-27,10.99,11.03,10.91,10.94,964300
2012-08-28,10.96,11.11,10.91,11.03,3861500
2012-08-29,11.1,11.28,11,11.27,3037700
2012-08-30,11.2,11.23,11.06,11.14,1697500
2012-08-31,11.25,11.28,11.02,11.04,2895400
2012-09-04,11.07,11.3,11.04,11.17,2239600
2012-09-05,11.13,11.31,11.13,11.25,2294700
2012-09-06,11.32,11.53,11.32,11.5,3427100
2012-09-07,11.56,11.79,11.54,11.75,2955600
2012-09-10,11.7,11.8,11.56,11.58,1670400
2012-09-11,11.64,11.84,11.6,11.75,2689000
2012-09-12,11.85,11.96,11.57,11.58,4017600
2012-09-13,11.66,12.16,11.52,12.14,6019600
2012-09-14,12.33,12.92,12.21,12.64,9369400
2012-09-17,12.61,12.67,12.27,12.28,3667800
2012-09-18,12.27,12.29,12.08,12.08,4171900
2012-09-19,12.17,12.2,12.07,12.1,1639100
2012-09-20,12,12.04,11.81,11.86,3404100
2012-09-21,11.91,12.02,11.77,11.77,11834500
2012-09-24,11.65,12,11.64,11.91,2187900
2012-09-25,11.96,12.11,11.75,11.79,2326900
2012-09-26,11.65,11.82,11.5,11.72,3389200
2012-09-27,11.89,11.99,11.75,11.9,2460000
2012-09-28,11.77,11.94,11.71,11.85,4051000
2012-10-01,11.93,12.08,11.84,11.87,1655800
2012-10-02,11.98,11.98,11.84,11.92,1878400
2012-10-03,11.99,12.07,11.85,11.96,1690400
2012-10-04,12.02,12.25,11.99,12.19,2005200
2012-10-05,12.27,12.44,12.26,12.32,2738100
2012-10-09,12.22,12.27,11.95,11.95,3023400
2012-10-10,11.9,11.99,11.78,11.84,2128600
2012-10-11,11.99,12.04,11.88,11.93,1830100
2012-10-12,11.92,12,11.76,11.85,2019200
2012-10-15,11.91,12.04,11.85,12.03,1504300
2012-10-16,12.1,12.34,12.1,12.33,2428800
2012-10-17,12.37,12.4,12.27,12.38,3110900
2012-10-18,12.29,12.62,12.28,12.54,3325100
2012-10-19,12.45,12.57,12.23,12.34,1726300
2012-10-22,12.38,12.47,12.28,12.37,2336100
2012-10-23,12.18,12.19,12.02,12.15,3331400
2012-10-24,12.2,12.29,12.13,12.19,2500000
2012-10-25,12.3,12.41,12.25,12.39,4473600
2012-10-26,12.33,12.43,12.28,12.3,2304100
2012-10-29,12.3,12.35,12.06,12.14,1760900
2012-10-30,12.11,12.33,12.11,12.27,1144600
2012-10-31,12.32,12.43,12.28,12.34,2041200
2012-11-01,12.38,12.47,12.34,12.36,2692800
2012-11-02,12.42,12.58,12.33,12.56,2842800
2012-11-05,12.46,12.55,12.43,12.54,1529000
2012-11-06,12.55,12.59,12.42,12.52,2757700
2012-11-07,12.35,12.37,12,12,4768500
2012-11-08,12.09,12.15,11.69,11.82,8451800
2012-11-09,11.8,12.26,11.74,12.18,5700900
2012-11-12,12.2,12.33,12.18,12.3,1794200
2012-11-13,12.11,12.28,12.11,12.15,3599300
2012-11-14,12.23,12.37,11.94,11.96,6673400
2012-11-15,11.94,12.07,11.76,11.94,5010300
2012-11-16,11.92,11.95,11.65,11.93,3421200
2012-11-19,12.12,12.12,11.92,12.1,3169500
2012-11-20,12.1,12.15,11.98,12.15,4138400
2012-11-21,12.13,12.39,12.1,12.36,3894200
2012-11-22,12.45,12.55,12.3,12.4,2023600
2012-11-23,12.4,12.52,12.34,12.43,1740800
2012-11-26,12.41,12.49,12.35,12.48,1921300
2012-11-27,12.52,12.55,12.44,12.49,2933900
2012-11-28,12.35,12.65,12.32,12.62,2681100
2012-11-29,12.71,12.89,12.69,12.83,4201800
2012-11-30,12.88,12.94,12.65,12.78,6417600
2012-12-03,12.88,12.88,12.63,12.74,2307000
2012-12-04,12.65,12.81,12.63,12.76,4079400
2012-12-05,12.78,12.95,12.77,12.86,2977100
2012-12-06,12.91,12.93,12.77,12.86,2853200
2012-12-07,12.92,12.95,12.81,12.93,3376300
2012-12-10,12.95,13.06,12.85,13.03,3880900
2012-12-11,13.05,13.23,13.05,13.16,4451300
2012-12-12,13.15,13.22,13.03,13.1,4669900
2012-12-13,13.06,13.24,12.99,12.99,4173700
2012-12-14,12.96,13.08,12.92,12.95,3739000
2012-12-17,12.95,13.08,12.95,13,6641600
2012-12-18,13.08,13.49,13.05,13.43,8243000
2012-12-19,13.5,13.71,13.45,13.6,6416500
2012-12-20,13.6,13.66,13.54,13.66,3703500
2012-12-21,13.66,13.66,13.38,13.5,6822200
2012-12-24,13.48,13.59,13.38,13.49,888500
2012-12-27,13.4,13.51,13.27,13.44,1687600
2012-12-28,13.31,13.44,13.3,13.39,1203900
2012-12-31,13.43,13.59,13.31,13.51,1976800
2013-01-02,13.75,13.84,13.56,13.67,4075400
2013-01-03,13.66,13.95,13.61,13.94,4911700
2013-01-04,13.95,14.15,13.93,14.02,6868200
2013-01-07,14.06,14.06,13.84,14.03,2966000
2013-01-08,14.04,14.39,14.04,14.39,5751800
2013-01-09,14.38,14.45,14.01,14.13,4673200
2013-01-10,14.16,14.22,14.05,14.09,3042800
2013-01-11,14.15,14.19,14.05,14.18,1759800
2013-01-14,14.3,14.37,14.2,14.32,3296700
2013-01-15,14.13,14.2,13.91,14.12,5447400
2013-01-16,14.04,14.09,13.95,14,1797600
2013-01-17,14,14.22,13.99,14.12,3488100
2013-01-18,14.18,14.36,14.15,14.3,2199300
2013-01-21,14.3,14.48,14.3,14.44,4146200
2013-01-22,14.48,14.74,14.4,14.69,2658800
2013-01-23,14.61,14.73,14.53,14.67,2453000
2013-01-24,14.75,14.91,14.72,14.79,2661000
2013-01-25,14.95,14.97,14.62,14.8,3903800
2013-01-28,14.92,14.92,14.63,14.72,2767300
2013-01-29,14.67,14.67,14.53,14.67,7359000
2013-01-30,14.64,14.72,14.58,14.63,3399000
2013-01-31,14.63,14.63,14.38,14.4,3169600
2013-02-01,14.43,14.57,14.43,14.44,3244300
2013-02-04,14.3,14.45,14.21,14.38,3033800
2013-02-05,14.4,14.59,14.4,14.51,2938000
2013-02-06,14.41,14.55,14.32,14.41,3756300
2013-02-07,14.5,14.67,14.42,14.55,6722600
2013-02-08,14.75,14.91,14.73,14.84,4740900
2013-02-11,14.9,15.36,14.84,15.28,7782900
2013-02-12,15.3,15.75,15.22,15.4,12806900
2013-02-13,15.55,15.56,15.11,15.21,12658300
2013-02-14,15.18,15.43,15.04,15.37,5335000
2013-02-15,15.22,15.57,15.21,15.52,5362000
2013-02-19,15.6,15.6,15.38,15.53,4698700
2013-02-20,15.5,15.61,15.11,15.19,4399300
2013-02-21,15.08,15.14,14.91,15.01,6335400
2013-02-22,15.06,15.18,15.05,15.15,3362900
2013-02-25,15.25,15.35,14.82,14.84,3696700
2013-02-26,14.85,14.94,14.76,14.9,7070600
2013-02-27,14.83,15.2,14.83,15.19,3000600
2013-02-28,15.19,15.33,15.11,15.3,3864200
2013-03-01,15.23,15.32,15.06,15.23,5361700
2013-03-04,15.18,15.26,15.1,15.2,1878500
2013-03-05,15.35,15.48,15.29,15.35,2070000
2013-03-06,15.5,15.5,15.37,15.39,1463200
2013-03-07,15.43,15.47,15.32,15.41,2678000
2013-03-08,15.46,15.57,15.42,15.51,5290300
2013-03-11,15.5,15.67,15.41,15.65,2122400
2013-03-12,15.59,15.69,15.48,15.5,6123200
2013-03-13,15.54,15.64,15.4,15.4,3920500
2013-03-14,15.43,15.47,15.32,15.43,3984500
2013-03-15,15.44,15.67,15.38,15.48,6999600
2013-03-18,15.38,15.45,15.24,15.25,3252500
2013-03-19,15.35,15.38,15.11,15.21,3518900
2013-03-20,15.32,15.38,15.19,15.38,2335500
2013-03-21,15.38,15.38,15.1,15.12,3025500
2013-03-22,15.11,15.25,15.05,15.21,2801400
2013-03-25,15.26,15.31,14.93,14.97,3005600
2013-03-26,15,15.06,14.9,15.04,2554200
2013-03-27,14.97,14.97,14.76,14.8,3037700
2013-03-28,14.75,15,14.63,14.96,4322300
2013-04-01,14.97,14.97,14.73,14.74,1427100
2013-04-02,14.73,15.06,14.73,15.06,2216300
2013-04-03,15.09,15.11,14.55,14.58,3627200
2013-04-04,14.57,14.65,14.22,14.31,2828200
2013-04-05,14.1,14.13,13.83,14.1,3774000
2013-04-08,14.04,14.22,13.98,14.12,3976700
2013-04-09,14.16,14.32,14.01,14.26,3977100
2013-04-10,14.38,14.74,14.31,14.65,2858600
2013-04-11,14.56,14.6,14.35,14.42,2048000
2013-04-12,14.3,14.39,14.21,14.33,1359500
2013-04-15,14.2,14.33,13.85,13.88,2836000
2013-04-16,13.88,14.16,13.88,14.16,2921000
2013-04-17,14.05,14.19,13.82,13.87,3679000
2013-04-18,13.96,14.03,13.79,13.99,5475500
2013-04-19,14,14.25,13.98,14.24,2427400
2013-04-22,14.24,14.3,13.97,14.03,3055800
2013-04-23,14.14,14.53,14.03,14.47,3530200
2013-04-24,14.41,14.73,14.4,14.72,3273200
2013-04-25,14.69,14.75,14.64,14.69,2535300
2013-04-26,14.64,14.7,14.48,14.57,1992300
2013-04-29,14.67,14.76,14.59,14.74,1645800
2013-04-30,14.72,14.93,14.5,14.89,3453800
2013-05-01,14.92,14.93,14.69,14.76,2981200
2013-05-02,14.8,15.5,14.8,15.33,6473100
2013-05-03,15.5,15.86,15.5,15.61,9104600
2013-05-06,15.74,15.77,15.61,15.73,3991400
2013-05-07,15.71,15.9,15.67,15.87,7801200
2013-05-08,15.89,16.02,15.68,15.69,3275400
2013-05-09,15.69,15.76,15.48,15.51,2248300
2013-05-10,15.35,15.67,15.35,15.56,4237200
2013-05-13,15.6,15.68,15.41,15.58,6938600
2013-05-14,15.68,16.030001,15.6,15.99,4373400
2013-05-15,15.9,15.95,15.66,15.75,3320200
2013-05-16,15.87,15.96,15.75,15.93,4546400
2013-05-17,15.88,16.15,15.87,16.110001,4611500
2013-05-21,16.17,16.299999,16.07,16.15,3491400
2013-05-22,16.25,16.5,16.190001,16.23,5194100
2013-05-23,15.9,16.110001,15.8,16.02,3375600
2013-05-24,15.93,15.95,15.78,15.95,3663900
2013-05-27,15.92,16.059999,15.88,15.93,1054300
2013-05-28,16.129999,16.34,16.07,16.219999,3955600
2013-05-29,16.08,16.620001,16.02,16.59,5942700
2013-05-30,16.610001,16.809999,16.58,16.639999,5110900
2013-05-31,16.559999,16.709999,16.360001,16.42,4552800
2013-06-03,16.6,16.620001,16.219999,16.469999,3687000
2013-06-04,16.469999,16.59,16.07,16.290001,3649500
2013-06-05,16.16,16.209999,15.88,15.97,3744000
2013-06-06,15.92,16.040001,15.75,15.98,3135200
2013-06-07,16.139999,16.32,15.96,16.309999,3424500
2013-06-10,16.379999,16.379999,16.17,16.25,2713300
2013-06-11,16.07,16.389999,15.95,16.15,7093700
2013-06-12,16.25,16.26,15.79,15.8,3698600
2013-06-13,15.76,16.09,15.7,15.96,4743600
2013-06-14,15.94,16.07,15.73,15.73,8048100
2013-06-17,15.93,16.200001,15.91,16.030001,3714000
2013-06-18,16.09,16.540001,16.040001,16.389999,5978900
2013-06-19,16.389999,16.610001,16.35,16.559999,5190100
2013-06-20,16.34,17.030001,16.34,16.799999,13086200
2013-06-21,16.709999,16.940001,16.51,16.719999,13751200
2013-06-24,16.709999,16.719999,16.24,16.24,5006700
2013-06-25,16.309999,16.52,16.209999,16.52,3931100
2013-06-26,16.67,16.85,16.65,16.76,2778400
2013-06-27,16.879999,16.950001,16.75,16.76,3497600
2013-06-28,16.799999,16.969999,16.68,16.83,3309100
2013-07-02,16.85,17.049999,16.809999,16.98,2721900
2013-07-03,16.98,17.07,16.790001,16.99,3310500
2013-07-04,17.08,17.17,16.959999,17.08,1036800
2013-07-05,17.200001,17.450001,17.139999,17.299999,4072800
2013-07-08,17.440001,17.940001,17.4,17.889999,8351700
2013-07-09,18,18.190001,17.84,17.98,3872400
2013-07-10,18.08,18.24,17.82,18.139999,5998200
2013-07-11,18.25,18.33,17.9,18.02,4147200
2013-07-12,18.08,18.1,17.9,17.959999,2604600
2013-07-15,17.99,18.33,17.969999,18.02,2705100
2013-07-16,18.16,18.18,17.83,17.93,2637600
2013-07-17,17.91,18.09,17.889999,17.98,2025200
2013-07-18,18.049999,18.360001,18.01,18.25,3212600
2013-07-19,18.25,18.34,18.15,18.25,2422100
2013-07-22,18.18,18.459999,18.18,18.459999,1925300
2013-07-23,18.459999,18.74,18.33,18.43,2794000
2013-07-24,18.540001,18.68,18.389999,18.5,4950000
2013-07-25,18.469999,18.57,18.309999,18.469999,2482300
2013-07-26,18.379999,18.459999,18.25,18.299999,1978100
2013-07-29,18.25,18.290001,18.049999,18.200001,2191700
2013-07-30,18.129999,18.27,18.1,18.18,2854000
2013-07-31,18.35,18.459999,18.07,18.09,3173400
2013-08-01,18.200001,18.49,18.200001,18.450001,2837000
2013-08-02,18.450001,18.59,18.309999,18.58,2055000
2013-08-06,18.559999,18.559999,18.24,18.389999,2622000
2013-08-07,18.219999,18.299999,17.969999,18.040001,3083900
2013-08-08,17.84,18.200001,17.709999,17.790001,5587200
2013-08-09,17.700001,17.870001,17.48,17.73,4699100
2013-08-12,17.6,17.66,17.459999,17.610001,2773400
2013-08-13,17.65,18.1,17.65,17.969999,4073500
2013-08-14,18.01,18.01,17.75,17.91,2141700
2013-08-15,17.780001,17.790001,17.540001,17.700001,3385500
2013-08-16,17.559999,17.74,17.52,17.66,2587500
2013-08-19,17.540001,17.639999,17.16,17.209999,2566900
2013-08-20,17.17,17.4,17.02,17.26,2683300
2013-08-21,17.26,17.280001,16.91,17.120001,3101700
2013-08-22,17.18,17.51,17.15,17.49,2757100
2013-08-23,17.5,17.57,17.34,17.450001,2635500
2013-08-26,17.51,17.540001,17.379999,17.379999,2664600
2013-08-27,17.280001,17.309999,16.950001,17.09,3073700
2013-08-28,17.040001,17.110001,16.98,17.049999,2313300
2013-08-29,17.1,17.360001,17.049999,17.17,3216800
2013-08-30,17.23,17.5,17.120001,17.27,3945900
2013-09-03,17.52,17.65,17.33,17.469999,2392700
2013-09-04,17.42,17.700001,17.34,17.59,1846600
2013-09-05,17.629999,17.879999,17.59,17.870001,2473800
2013-09-06,17.9,17.92,17.639999,17.700001,2864000
2013-09-09,17.780001,17.879999,17.700001,17.719999,1699400
2013-09-10,17.870001,17.889999,17.73,17.82,1906700
2013-09-11,17.860001,18.040001,17.73,18,3009900
2013-09-12,18.040001,18.049999,17.719999,17.73,3164000
2013-09-13,17.75,17.85,17.610001,17.620001,2809900
2013-09-16,17.76,18.01,17.73,17.84,5521000
2013-09-17,17.84,18.030001,17.76,17.959999,2563000
2013-09-18,17.91,17.99,17.58,17.58,4026600
2013-09-19,17.559999,17.6,17.01,17.16,3699100
2013-09-20,17.33,17.33,17.02,17.030001,7132900
2013-09-23,17.030001,17.16,17,17.129999,1457700
2013-09-24,17.110001,17.309999,17.1,17.16,1651200
2013-09-25,17.24,17.33,17.139999,17.23,1594300
2013-09-26,17.290001,17.450001,17.25,17.35,2359500
2013-09-27,17.280001,17.42,17.26,17.379999,1725300
2013-09-30,17.209999,17.290001,17.040001,17.040001,3480100
2013-10-01,17.09,17.309999,17.059999,17.280001,3369700
2013-10-02,17.17,17.200001,17.08,17.139999,2397900
2013-10-03,17.18,17.18,16.92,17.040001,2419200
2013-10-04,17.02,17.219999,17.02,17.17,1427000
2013-10-07,17.040001,17.32,16.99,17.1,2017200
2013-10-08,17.120001,17.209999,16.950001,17,1882700
2013-10-09,17.07,17.15,16.860001,17.120001,2366500
2013-10-10,17.27,17.68,17.27,17.610001,2892000
2013-10-11,17.65,17.75,17.58,17.700001,1552500
2013-10-15,17.709999,17.889999,17.59,17.790001,2356300
2013-10-16,17.84,17.91,17.75,17.870001,1526600
2013-10-17,17.799999,17.950001,17.73,17.93,1646900
2013-10-18,17.950001,18.030001,17.83,18,2717500
2013-10-21,18.02,18.18,17.969999,18.18,2628100
2013-10-22,18.190001,18.42,18.16,18.200001,3519500
2013-10-23,18.120001,18.129999,17.92,17.969999,2351100
2013-10-24,18.030001,18.120001,17.92,18.059999,2245400
2013-10-25,18.07,18.1,18,18.07,1497300
2013-10-28,18.030001,18.120001,17.940001,17.99,1515900
2013-10-29,18.07,18.34,18.049999,18.32,2435600
2013-10-30,18.32,18.700001,18.280001,18.66,5143400
2013-10-31,18.51,18.77,18.459999,18.469999,3395900
2013-11-01,18.5,18.66,18.49,18.52,1995900
2013-11-04,18.530001,18.610001,18.41,18.49,3722400
2013-11-05,18.49,18.67,18.469999,18.67,3697300
2013-11-06,18.639999,18.719999,18.549999,18.709999,1967900
2013-11-07,19,19.34,18.940001,19.219999,5960500
2013-11-08,19.43,19.85,19.42,19.719999,6850000
2013-11-11,19.799999,19.799999,19.58,19.620001,2223300
2013-11-12,19.549999,19.700001,19.52,19.52,2451700
2013-11-13,19.450001,19.690001,19.370001,19.67,2118400
2013-11-14,19.75,19.809999,19.68,19.73,2987800
2013-11-15,19.65,19.65,19.43,19.51,3999200
2013-11-18,19.6,19.9,19.559999,19.860001,4274400
2013-11-19,19.860001,20.200001,19.860001,19.98,4562700
2013-11-20,20.030001,20.07,19.700001,19.84,2965400
2013-11-21,19.879999,20.219999,19.85,20.110001,3504000
2013-11-22,20.15,20.5,20.110001,20.370001,4147100
2013-11-25,20.48,20.5,20.290001,20.299999,2964000
2013-11-26,20.299999,20.34,20.18,20.18,4583800
2013-11-27,20.08,20.459999,20.08,20.360001,2716300
2013-11-28,20.450001,20.469999,20.35,20.4,1333500
2013-11-29,20.469999,20.700001,20.4,20.48,1979900
2013-12-02,20.450001,20.719999,20.4,20.719999,4728900
2013-12-03,20.559999,20.65,20,20.16,4034300
2013-12-04,20.17,20.23,19.860001,20.120001,2928600
2013-12-05,20.120001,20.309999,20.07,20.1,2345000
2013-12-06,20.25,20.4,20.200001,20.34,2174300
2013-12-09,20.34,20.549999,20.200001,20.200001,4957200
2013-12-10,20.280001,20.280001,20.02,20.129999,3104500
2013-12-11,20.200001,20.27,19.68,19.690001,3711500
2013-12-12,19.66,19.879999,19.530001,19.530001,4829700
2013-12-13,19.6,19.690001,19.48,19.65,5162000
2013-12-16,19.82,19.99,19.73,19.73,4971300
2013-12-17,19.809999,19.99,19.719999,19.73,4337100
2013-12-18,19.77,20.290001,19.77,20.23,5528800
2013-12-19,20.4,20.790001,20.280001,20.75,3659100
2013-12-20,20.879999,21.049999,20.68,20.690001,7447500
2013-12-23,20.85,20.879999,20.65,20.74,1644500
2013-12-24,20.83,20.889999,20.74,20.83,871200
2013-12-27,20.98,21.07,20.879999,21.01,1715900
2013-12-30,21.09,21.09,20.92,21.030001,1313900
2013-12-31,21,21.139999,20.950001,20.959999,1204500
2014-01-02,20.82,20.889999,20.530001,20.73,2359300
2014-01-03,20.77,20.889999,20.67,20.879999,2152900
2014-01-06,20.879999,21.040001,20.75,20.790001,2358500
2014-01-07,20.889999,21,20.83,20.85,2068500
2014-01-08,21,21.42,20.889999,21.35,3666700
2014-01-09,21.5,22.030001,21.48,21.99,6537600
2014-01-10,21.9,22.120001,21.65,22.09,6134300
2014-01-13,22.1,22.129999,21.530001,21.59,4468700
2014-01-14,21.709999,21.77,21.549999,21.58,3975900
2014-01-15,21.66,21.969999,21.6,21.959999,3523100
2014-01-16,21.969999,21.969999,21.700001,21.91,2609900
2014-01-17,21.950001,22,21.870001,21.91,2865600
2014-01-20,21.959999,22.040001,21.91,22.040001,1281700
2014-01-21,22,22.17,21.9,21.9,3736200
2014-01-22,21.9,22.219999,21.860001,22.209999,3784300
2014-01-23,22.01,22.17,21.790001,21.799999,5605900
2014-01-24,21.549999,21.559999,20.790001,20.860001,7238800
2014-01-27,20.75,20.82,20.43,20.559999,4144100
2014-01-28,20.6,20.950001,20.6,20.870001,2684400
2014-01-29,20.700001,20.709999,20.360001,20.5,3845700
2014-01-30,20.65,21,20.610001,20.870001,2250400
2014-01-31,20.5,20.66,20.41,20.549999,3790100
2014-02-03,20.549999,20.549999,19.540001,19.620001,5519100
2014-02-04,19.799999,19.940001,19.629999,19.75,3761200
2014-02-05,19.809999,19.98,19.73,19.950001,4363500
2014-02-06,20,20.290001,19.82,20.16,3118600
2014-02-07,20.33,20.33,19.959999,20.219999,2905800
2014-02-10,20.290001,20.299999,20,20.02,1994500
2014-02-11,20.040001,20.530001,19.959999,20.48,5326200
2014-02-12,20.6,20.959999,20.58,20.91,4728800
2014-02-13,20.65,20.9,20.200001,20.9,4491600
2014-02-14,20.950001,21.48,20.76,21.41,4948800
2014-02-18,21.6,21.6,21.1,21.1,3290900
2014-02-19,21.059999,21.389999,20.91,21.07,4417100
2014-02-20,21.1,21.35,21.1,21.190001,2993100
2014-02-21,21.15,21.459999,21.15,21.35,4112900
2014-02-24,21.17,21.389999,21.15,21.200001,3391400
2014-02-25,21.200001,21.299999,21.110001,21.16,2587200
2014-02-26,21.25,21.25,20.889999,20.92,4101800
2014-02-27,20.92,21.24,20.91,21.200001,3314200
2014-02-28,21.15,21.42,21,21.01,3033400
2014-03-03,20.790001,20.99,20.6,20.99,2555900
2014-03-04,21.25,21.360001,21.07,21.18,2546400
2014-03-05,21.25,21.26,21.129999,21.24,1932500
2014-03-06,21.219999,21.27,21.120001,21.219999,2579600
2014-03-07,21.389999,21.49,21.25,21.299999,1910300
2014-03-10,21.26,21.440001,21.209999,21.379999,1666300
2014-03-11,21.379999,21.540001,21.299999,21.450001,2332400
2014-03-12,21.299999,21.610001,21.25,21.48,2720700
2014-03-13,21.549999,21.59,20.969999,20.98,3738100
2014-03-14,20.950001,21.02,20.68,20.75,2893500
2014-03-17,20.860001,21.049999,20.73,20.83,1913600
2014-03-18,20.83,21.1,20.83,20.99,2829300
2014-03-19,21.059999,21.139999,20.84,21.059999,2848500
2014-03-20,21.01,21.65,20.98,21.610001,3388700
2014-03-21,21.610001,21.73,21.469999,21.5,5887400
2014-03-24,21.549999,21.719999,21.370001,21.59,3277400
2014-03-25,21.709999,21.709999,21.559999,21.67,1915400
2014-03-26,21.75,21.92,21.389999,21.42,4058300
2014-03-27,21.469999,21.5,21.18,21.27,1901000
2014-03-28,21.370001,21.469999,21.01,21.02,3009300
2014-03-31,21.17,21.360001,21.040001,21.32,3598100
2014-04-01,21.389999,21.540001,21.379999,21.5,1953900
2014-04-02,21.559999,21.66,21.43,21.59,2543400
2014-04-03,21.65,21.68,21.389999,21.52,1807300
2014-04-04,21.51,21.57,21.200001,21.25,2283500
2014-04-07,21.110001,21.16,20.74,20.790001,3215800
2014-04-08,20.75,20.83,20.51,20.690001,3298800
2014-04-09,20.809999,20.9,20.700001,20.85,2299700
2014-04-10,20.809999,20.889999,20.26,20.290001,3342400
2014-04-11,20.15,20.290001,19.93,20.139999,4966300
2014-04-14,20.32,20.34,19.879999,19.969999,2371800
2014-04-15,20,20.15,19.860001,20.059999,4350200
2014-04-16,20.200001,20.41,20.120001,20.370001,3658500
2014-04-17,20.389999,20.75,20.299999,20.66,2416600
2014-04-21,20.719999,20.719999,20.5,20.530001,1348700
2014-04-22,20.610001,20.809999,20.360001,20.780001,3609400
2014-04-23,20.85,20.870001,20.6,20.6,1942500
2014-04-24,20.700001,20.84,20.620001,20.75,3975800
2014-04-25,20.65,20.690001,20.309999,20.43,4452700
2014-04-28,20.540001,20.540001,20.049999,20.299999,2376700
2014-04-29,20.34,20.58,20.27,20.440001,2458800
2014-04-30,20.49,20.6,20.389999,20.58,2909700
2014-05-01,20.73,20.969999,20.65,20.74,3282500
2014-05-02,20.77,21.1,20.77,20.99,2626900
2014-05-05,20.93,21.08,20.74,20.85,2310300
2014-05-06,20.76,20.799999,20.309999,20.360001,3033600
2014-05-07,20.469999,20.68,20.41,20.59,2792700
2014-05-08,20.639999,20.76,20.52,20.65,2119100
2014-05-09,20.549999,20.59,20.23,20.309999,1866500
2014-05-12,20.43,20.540001,20.280001,20.530001,3111900
2014-05-13,20.459999,20.549999,20.360001,20.52,1531100
2014-05-14,20.530001,20.530001,20.299999,20.34,2579900
2014-05-15,20.290001,20.32,19.76,20.07,4355800
2014-05-16,20.049999,20.07,19.83,19.870001,2169800
2014-05-20,19.870001,19.950001,19.67,19.83,2555500
2014-05-21,19.969999,20.18,19.9,20.16,2140100
2014-05-22,20.139999,20.139999,19.91,20.040001,3700500
2014-05-23,20.07,20.1,20,20.040001,1373000
2014-05-26,20.200001,20.34,20.059999,20.299999,1094200
2014-05-27,20.290001,20.450001,20.209999,20.299999,2946700
2014-05-28,20.34,20.34,19.940001,20,2863300
2014-05-29,20.120001,20.120001,19.700001,19.940001,3012300
2014-05-30,19.9,19.99,19.76,19.85,2462500
2014-06-02,19.950001,20.129999,19.84,20.120001,2430600
2014-06-03,20.15,20.51,20.049999,20.5,3776900
2014-06-04,20.459999,20.77,20.35,20.690001,3535700
2014-06-05,20.719999,20.85,20.5,20.76,3727300
2014-06-06,20.83,20.84,20.59,20.82,1795900
2014-06-09,20.709999,20.950001,20.67,20.83,1599700
2014-06-10,20.799999,20.870001,20.68,20.799999,1543600
2014-06-11,20.67,20.780001,20.58,20.66,1981600
2014-06-12,20.57,20.690001,20.42,20.469999,2484400
2014-06-13,20.469999,20.65,20.450001,20.49,2561000
2014-06-16,20.5,20.67,20.459999,20.49,3091400
2014-06-17,20.6,20.969999,20.5,20.9,4050900
2014-06-18,20.860001,21.15,20.860001,21.030001,3365400
2014-06-19,21.1,21.15,20.84,21.02,3180500
2014-06-20,21.129999,21.379999,20.959999,21.34,9082300
2014-06-23,21.34,21.34,21.1,21.129999,1886800
2014-06-24,21.129999,21.219999,21.059999,21.08,1992500
2014-06-25,21.049999,21.16,20.950001,21.030001,3263300
2014-06-26,21.09,21.16,20.959999,21.129999,2030100
2014-06-27,21.18,21.23,21.059999,21.209999,1409900
2014-06-30,21.110001,21.27,21.030001,21.209999,1879600
2014-07-02,21.309999,21.43,21.24,21.43,1835000
2014-07-03,21.639999,21.860001,21.559999,21.57,4702000
2014-07-04,21.6,21.93,21.6,21.82,1638500
2014-07-07,21.700001,21.790001,21.6,21.75,2877800
2014-07-08,21.68,21.690001,21.4,21.639999,2726000
2014-07-09,21.65,21.709999,21.58,21.67,1718900
2014-07-10,21.299999,21.5,21.280001,21.469999,2188200
2014-07-11,21.51,21.559999,21.41,21.450001,1831300
2014-07-14,21.610001,21.879999,21.610001,21.879999,3107400
2014-07-15,21.85,22.049999,21.84,21.98,4204000
2014-07-16,22.120001,22.219999,22.08,22.110001,2654800
2014-07-17,22.09,22.09,21.83,21.92,2216300
2014-07-18,21.91,22.17,21.84,22.059999,1588000
2014-07-21,22,22.049999,21.870001,21.940001,1153600
2014-07-22,22.030001,22.09,21.9,21.98,2250900
2014-07-23,21.98,21.99,21.82,21.870001,1788800
2014-07-24,21.98,22.02,21.85,21.860001,1291500
2014-07-25,21.91,22.25,21.860001,22.09,1797800
2014-07-28,22.02,22.1,21.950001,22.07,1791500
2014-07-29,22.049999,22.200001,22.049999,22.09,2194500
2014-07-30,22.200001,22.469999,22.15,22.459999,2567500
2014-07-31,22.469999,22.530001,22.09,22.280001,4795700
2014-08-01,22.27,22.33,21.85,21.92,2688100
2014-08-05,22.129999,22.16,21.870001,21.959999,2867900
2014-08-06,21.85,21.99,21.76,21.969999,1664200
2014-08-07,22.459999,22.469999,21.5,21.700001,4976800
2014-08-08,21.84,21.889999,21.540001,21.82,1948500
2014-08-11,22,22.09,21.690001,21.73,2736300
2014-08-12,21.700001,21.82,21.559999,21.68,2056100
2014-08-13,21.82,21.83,21.57,21.58,1901200
2014-08-14,21.68,21.83,21.639999,21.799999,1426300
2014-08-15,21.690001,21.780001,21.26,21.51,4390600
2014-08-18,21.58,21.75,21.559999,21.610001,2989800
2014-08-19,21.68,21.879999,21.639999,21.799999,1990700
2014-08-20,21.76,21.950001,21.66,21.93,1728200
2014-08-21,21.93,22.4,21.879999,22.309999,3016300
2014-08-22,22.34,22.370001,22.1,22.190001,1636100
2014-08-25,22.26,22.34,22.190001,22.280001,1808200
2014-08-26,22.26,22.35,22.16,22.200001,1395400
2014-08-27,22.17,22.23,22,22.18,1819000
2014-08-28,22.129999,22.129999,21.870001,21.91,2230400
2014-08-29,21.92,21.959999,21.610001,21.950001,2900100
2014-09-02,22.07,22.17,21.969999,22.17,1823100
2014-09-03,22.280001,22.41,22.209999,22.360001,4406100
2014-09-04,21.99,22.200001,21.91,22.049999,6103200
2014-09-05,22.059999,22.059999,21.799999,21.92,3536900
2014-09-08,21.959999,22.040001,21.83,22,1994600
2014-09-09,21.99,22.049999,21.889999,22,3194100
2014-09-10,22.049999,22.129999,21.969999,22,2246700
2014-09-11,21.91,22.09,21.9,22,2662700
2014-09-12,22.030001,22.360001,22.01,22.24,5917600
2014-09-15,22.23,22.27,22.030001,22.040001,5681800
2014-09-16,22.059999,22.209999,22.01,22.059999,6613000
2014-09-17,22.139999,22.17,22.02,22.049999,3833900
2014-09-18,22.1,22.450001,22.09,22.389999,6130500
2014-09-19,22.41,22.73,22.120001,22.120001,9434400
2014-09-22,22.1,22.24,21.9,21.940001,2876800
2014-09-23,21.9,21.93,21.75,21.77,1889400
2014-09-24,21.83,21.92,21.6,21.74,2248500
2014-09-25,21.77,21.77,21.35,21.42,3646500
2014-09-26,21.43,21.790001,21.34,21.690001,2386700
2014-09-29,21.58,21.799999,21.35,21.629999,2921700
2014-09-30,21.610001,21.83,21.379999,21.540001,3968800
2014-10-01,21.459999,21.5,21.09,21.200001,3034700
2014-10-02,21.23,21.299999,20.9,21.27,3058500
2014-10-03,21.48,21.790001,21.389999,21.58,4262200
2014-10-06,21.77,21.77,21.469999,21.51,1904200
2014-10-07,21.450001,21.620001,21.219999,21.24,2274200
2014-10-08,21.33,21.379999,21.09,21.32,3296500
2014-10-09,21.33,21.33,20.92,21.08,3403000
2014-10-10,20.93,21.02,20.459999,20.57,5008000
2014-10-14,20.200001,20.49,20.15,20.280001,3436900
2014-10-15,20,20,19.120001,19.459999,6343500
2014-10-16,19.040001,19.790001,18.91,19.48,4307800
2014-10-17,19.889999,20.280001,19.620001,20.040001,4799300
2014-10-20,20.040001,20.09,19.809999,20,2343100
2014-10-21,20.17,20.540001,20,20.440001,3462400
2014-10-22,20.459999,20.51,20.030001,20.09,3233200
2014-10-23,20.25,20.5,20.200001,20.41,2236200
2014-10-24,20.440001,20.540001,20.27,20.540001,1709700
2014-10-27,20.41,20.58,20.379999,20.559999,1906500
2014-10-28,20.690001,20.790001,20.559999,20.76,1570300
2014-10-29,20.809999,20.809999,20.469999,20.68,1879600
2014-10-30,20.620001,21.030001,20.6,20.879999,2502600
2014-10-31,21.280001,21.549999,21.200001,21.389999,4304500
2014-11-03,21.49,21.5,21.17,21.23,1904600
2014-11-04,21.280001,21.35,21.040001,21.219999,2100300
2014-11-05,21.35,21.67,21.280001,21.48,3035800
2014-11-06,21.549999,21.549999,21.129999,21.17,2740900
2014-11-07,21.16,21.370001,21.02,21.23,1705600
2014-11-10,21.299999,21.51,21.200001,21.42,1965900
2014-11-11,21.440001,21.559999,21.35,21.41,1338100
2014-11-12,21.33,21.67,21.25,21.67,2977000
2014-11-13,21.6,21.77,21.52,21.6,2456300
2014-11-14,21.59,21.77,21.559999,21.74,2833200
2014-11-17,21.790001,21.98,21.74,21.83,2691100
2014-11-18,21.940001,21.98,21.809999,21.91,2434000
2014-11-19,21.950001,22,21.77,21.93,2508400
2014-11-20,21.870001,22.07,21.809999,22.07,3462300
2014-11-21,22.02,22.059999,21.870001,21.91,2495500
2014-11-24,22,22.17,21.950001,22.16,2468800
2014-11-25,22.200001,22.5,22.17,22.450001,3160300
2014-11-26,22.450001,22.59,22.219999,22.540001,2303600
2014-11-27,22.6,22.82,22.549999,22.67,1607200
2014-11-28,22.67,22.92,22.66,22.77,2898100
2014-12-01,22.709999,22.950001,22.530001,22.620001,3755100
2014-12-02,22.5,22.77,22.5,22.65,2670900
2014-12-03,22.68,22.99,22.57,22.93,2737400
2014-12-04,22.93,22.93,22.299999,22.379999,3463800
2014-12-05,22.51,23.09,22.49,23.01,4192200
2014-12-08,23,23.02,22.549999,22.809999,4493100
2014-12-09,22.549999,22.549999,22.07,22.450001,4332500
2014-12-10,22.309999,22.35,21.41,21.59,4684000
2014-12-11,21.620001,22.08,21.6,21.66,4698600
2014-12-12,21.559999,21.65,20.98,21.07,4256500
2014-12-15,21.120001,21.4,20.790001,21.08,3061300
2014-12-16,20.959999,21.620001,20.82,21.120001,4110700
2014-12-17,21.309999,21.719999,21.049999,21.719999,4871300
2014-12-18,22.059999,22.209999,21.73,21.99,4411100
2014-12-19,22.25,22.469999,21.940001,22.200001,12078100
2014-12-22,22.389999,22.52,22.049999,22.139999,1757800
2014-12-23,22.219999,22.49,22.15,22.41,1702400
2014-12-24,22.5,22.6,22.299999,22.43,836200
2014-12-29,22.379999,22.5,22.33,22.42,1760300
2014-12-30,22.370001,22.469999,22.16,22.280001,1268300
2014-12-31,22.299999,22.33,22.049999,22.18,1233600
2015-01-02,22.26,22.35,22.049999,22.24,1335700
2015-01-05,22.17,22.17,21.450001,21.65,3270400
2015-01-06,21.52,21.67,21.030001,21.15,2813600
2015-01-07,21.4,21.610001,21.17,21.26,2372800
2015-01-08,21.540001,21.75,21.530001,21.68,2196900
2015-01-09,21.719999,21.73,21.15,21.32,2295000
2015-01-12,21.32,21.440001,20.889999,21.33,2487600
2015-01-13,21.450001,21.540001,20.959999,21.18,3005900
2015-01-14,20.85,20.93,20.110001,20.440001,4885100
2015-01-15,20.559999,20.6,19.870001,19.889999,4613500
2015-01-16,19.92,20.26,19.799999,20.23,3102000
2015-01-19,20.24,20.4,20.120001,20.299999,1056800
2015-01-20,20.440001,20.450001,19.860001,19.93,4294000
2015-01-21,19.99,20.389999,19.870001,20.24,4401500
2015-01-22,20.299999,20.93,20.290001,20.59,5422300
2015-01-23,20.66,21.07,20.66,20.9,3936800
2015-01-26,21,21.07,20.84,20.959999,2091300
2015-01-27,20.700001,20.719999,20.299999,20.440001,3405500
2015-01-28,20.73,20.77,20.299999,20.299999,2659500
2015-01-29,20.41,20.65,20.129999,20.57,2137800
2015-01-30,20.379999,20.83,20.23,20.379999,3362400
2015-02-02,20.700001,20.74,20.299999,20.52,3155600
2015-02-03,20.700001,21.16,20.59,21.110001,4325400
2015-02-04,21.290001,21.459999,21.17,21.4,4651800
2015-02-05,21.459999,21.58,21.27,21.360001,3896300
2015-02-06,21.540001,21.84,21.5,21.77,3385100
2015-02-09,21.540001,21.950001,21.5,21.889999,11298900
2015-02-10,21.950001,22,21.59,21.719999,4198500
2015-02-11,21.790001,21.959999,21.610001,21.84,2952900
2015-02-12,21.290001,21.52,20.49,21.33,9622000
2015-02-13,21.4,21.73,21.23,21.559999,3351400
2015-02-17,21.6,22.139999,21.450001,21.950001,5086900
2015-02-18,21.98,22.200001,21.77,22.09,6906200
2015-02-19,22,22.190001,21.950001,22.139999,3823300
2015-02-20,22.120001,22.200001,21.84,22.190001,4270700
2015-02-23,22,22,21.6,21.73,3337900
2015-02-24,21.85,22.129999,21.719999,22.01,3299100
2015-02-25,21.98,22.030001,21.700001,21.77,2683800
2015-02-26,21.790001,21.98,21.74,21.780001,2735600
2015-02-27,21.690001,22.049999,21.690001,21.77,8650300
2015-03-02,21.9,21.91,21.719999,21.860001,3073400
2015-03-03,21.799999,21.82,21.299999,21.42,3632000
2015-03-04,21.42,21.48,21.110001,21.360001,2532700
2015-03-05,21.48,21.6,21.23,21.27,3618400
2015-03-06,21.360001,21.790001,21.299999,21.73,4742100
2015-03-09,21.73,21.75,21.52,21.549999,2602400
2015-03-10,21.370001,21.41,20.91,21.299999,3675000
2015-03-11,21.299999,21.440001,21.15,21.280001,3155000
2015-03-12,21.25,21.700001,21.23,21.629999,3136700
2015-03-13,21.5,21.629999,21.26,21.459999,2678100
2015-03-16,21.459999,22.049999,21.43,21.85,2640800
2015-03-17,21.620001,21.85,21.440001,21.83,2714400
2015-03-18,21.73,21.84,21.559999,21.65,2113900
2015-03-19,21.65,21.879999,21.51,21.690001,3784700
2015-03-20,21.9,22,21.709999,21.9,10185100
2015-03-23,22,22.190001,21.860001,21.9,2347500
2015-03-24,21.93,22.07,21.700001,21.98,2961500
2015-03-25,21.98,22.02,21.65,21.65,3097700
2015-03-26,21.6,21.68,21.360001,21.440001,2450300
2015-03-27,21.459999,21.65,21.15,21.200001,2192600
2015-03-30,21.290001,21.629999,21.26,21.440001,3148600
2015-03-31,21.34,21.65,21.200001,21.51,4194300
2015-04-01,21.49,21.49,21.23,21.280001,3054900
2015-04-02,21.290001,21.629999,21.27,21.559999,2874900
2015-04-06,21.440001,21.67,21.32,21.5,1693000
2015-04-07,21.51,21.65,21.469999,21.549999,3298000
2015-04-08,21.75,22.059999,21.610001,21.99,3878700
2015-04-09,22.030001,22.25,22.02,22.139999,2606900
2015-04-10,22.17,22.280001,22.120001,22.24,2307700
2015-04-13,22.190001,22.370001,22.16,22.309999,3954300
2015-04-14,22.25,22.32,22.110001,22.129999,2908700
2015-04-15,22.200001,22.42,22.190001,22.280001,2868000
2015-04-16,22.18,22.280001,22.01,22.08,2412800
2015-04-17,22,22.030001,21.85,22,2267200
2015-04-20,22.129999,22.27,22.07,22.139999,2357400
2015-04-21,22.09,22.24,21.950001,22.07,1974500
2015-04-22,22.07,22.08,21.75,22.08,1863600
2015-04-23,22,22.32,21.940001,22.24,2672500
2015-04-24,22.33,22.549999,22.23,22.440001,3667600
2015-04-27,22.440001,22.5,22.129999,22.17,2214700
2015-04-28,22.15,22.24,21.959999,22.190001,2156200
2015-04-29,22.07,22.23,22.030001,22.18,2314800
2015-04-30,22.129999,22.43,21.93,21.959999,4939300
2015-05-01,21.98,22.25,21.959999,22.1,2536100
2015-05-04,22.120001,22.48,22.08,22.389999,2268500
2015-05-05,22.389999,22.700001,22.299999,22.530001,5207100
2015-05-06,22.610001,22.639999,22.219999,22.51,3868800
2015-05-07,22.6,22.91,22.49,22.91,5230100
2015-05-08,23,23.23,22.959999,22.98,3495700
2015-05-11,23,23.25,22.99,23.08,2383300
2015-05-12,23.049999,23.16,22.9,23.02,5246800
2015-05-13,23.1,23.17,22.75,22.92,2744400
2015-05-14,22.959999,23,22.75,22.91,2421700
2015-05-15,22.809999,22.82,22.5,22.620001,2734800
2015-05-19,22.76,23.16,22.66,23.129999,3536700
2015-05-20,23.190001,23.360001,22.9,22.940001,3468000
2015-05-21,23.040001,23.27,22.99,23.1,2236400
2015-05-22,23.1,23.1,22.85,22.92,2200900
2015-05-25,22.940001,23.030001,22.879999,22.940001,744900
2015-05-26,22.950001,23,22.540001,22.719999,2444900
2015-05-27,22.790001,23.01,22.73,22.860001,2003800
2015-05-28,22.809999,23.07,22.73,23.02,2455600
2015-05-29,23.07,23.09,22.700001,22.83,3505400
2015-06-01,22.799999,23.01,22.629999,22.940001,2404800
2015-06-02,22.9,23.23,22.85,23.01,2686900
2015-06-03,23.1,23.639999,23.040001,23.540001,4581700
2015-06-04,23.52,23.76,23.360001,23.549999,5877200
2015-06-05,23.639999,23.860001,23.559999,23.68,4066200
2015-06-08,23.67,23.67,23.27,23.43,6062900
2015-06-09,23.34,23.75,23.209999,23.629999,3962800
2015-06-10,23.6,24.1,23.6,23.969999,5228500
2015-06-11,24.049999,24.049999,23.65,23.799999,3871500
2015-06-12,23.75,23.780001,23.5,23.629999,4409700
2015-06-15,23.450001,23.690001,23.360001,23.639999,1981800
2015-06-16,23.58,23.790001,23.5,23.73,2876100
2015-06-17,23.809999,24.02,23.620001,23.74,3868400
2015-06-18,23.73,23.91,23.629999,23.790001,2470100
2015-06-19,23.51,23.860001,23.469999,23.68,14495300
2015-06-22,23.719999,23.91,23.57,23.799999,4774400
2015-06-23,23.9,24.08,23.85,24,3274800
2015-06-24,24,24.139999,23.860001,23.98,6599100
2015-06-25,24.049999,24.200001,23.93,23.950001,3418100
2015-06-26,23.98,24.030001,23.76,23.879999,2617400
2015-06-29,23.66,23.68,23.09,23.139999,4713100
2015-06-30,23.35,23.49,23.129999,23.209999,2831200
2015-07-02,23.389999,23.42,23.110001,23.26,1839500
2015-07-03,23.35,23.450001,23.280001,23.450001,654000
2015-07-06,23.190001,23.25,23.030001,23.09,5462700
2015-07-07,23.1,23.129999,22.540001,23.040001,3436800
2015-07-08,22.84,22.879999,22.58,22.700001,2899400
2015-07-09,22.83,22.98,22.59,22.629999,3973500
2015-07-10,22.860001,23.15,22.85,23.139999,2723900
2015-07-13,23.450001,23.5,23.280001,23.360001,3426100
2015-07-14,23.34,23.360001,23.08,23.299999,2221900
2015-07-15,23.35,23.639999,23.18,23.540001,3125500
2015-07-16,23.66,23.889999,23.610001,23.73,2549400
2015-07-17,23.799999,23.799999,23.459999,23.709999,2127100
2015-07-20,23.74,23.790001,23.459999,23.559999,1859600
2015-07-21,23.57,23.66,23.32,23.52,1776900
2015-07-22,23.4,23.540001,23.219999,23.4,2623700
2015-07-23,23.35,23.42,22.76,22.809999,5404300
2015-07-24,22.889999,23.16,22.68,22.780001,3147000
2015-07-27,22.549999,22.65,22.26,22.4,3319000
2015-07-28,22.52,22.65,22.370001,22.5,2135900
2015-07-29,22.559999,23.030001,22.51,22.98,3078200
2015-07-30,23.030001,23.15,22.84,23.110001,1867400
2015-07-31,23.15,23.290001,23.02,23.17,2659400
2015-08-04,23.24,23.43,23.09,23.27,3012400
2015-08-05,23.389999,23.459999,23.17,23.290001,3179900
2015-08-06,23.5,23.65,23.209999,23.32,3057600
2015-08-07,23.41,23.49,22.92,23.030001,2060500
2015-08-10,23.09,23.42,23.07,23.27,2561500
2015-08-11,23.059999,23.18,22.870001,23.15,3187800
2015-08-12,23.1,23.1,22.450001,22.68,3859600
2015-08-13,22.77,22.85,22.379999,22.459999,2385500
2015-08-14,22.389999,22.59,22.299999,22.559999,1708000
2015-08-17,22.450001,22.49,22.190001,22.34,1500400
2015-08-18,22.35,22.43,22.07,22.07,1653800
2015-08-19,22.049999,22.049999,21.74,21.83,2314500
2015-08-20,21.52,21.58,21.34,21.34,2481800
2015-08-21,21,21.200001,20.450001,20.459999,5577800
2015-08-24,18.940001,20.299999,18.91,19.969999,7006000
2015-08-25,20.85,20.91,20.049999,20.1,5239700
2015-08-26,20.469999,21.08,20.059999,20.969999,4941200
2015-08-27,21.18,21.690001,21.059999,21.469999,4013900
2015-08-28,21.42,21.52,21.26,21.450001,2062700
2015-08-31,21.299999,21.469999,21,21.379999,3811300
2015-09-01,20.74,20.860001,20.200001,20.33,4339300
2015-09-02,20.48,20.77,20.32,20.549999,2574300
2015-09-03,20.690001,20.790001,20.52,20.610001,2092800
2015-09-04,20.379999,20.43,20.07,20.23,2174300
2015-09-08,20.549999,20.690001,20.219999,20.41,2441100
2015-09-09,20.66,20.93,20.440001,20.48,2976400
2015-09-10,20.35,20.67,20.35,20.5,2679900
2015-09-11,20.43,20.51,20.219999,20.35,2194200
2015-09-14,20.370001,20.52,20.25,20.25,1772400
2015-09-15,20.280001,20.65,20.27,20.549999,3521300
2015-09-16,20.68,21.1,20.57,21.049999,4526800
2015-09-17,21,21.07,20.559999,20.620001,3283300
2015-09-18,20.360001,20.51,20.049999,20.42,14474300
2015-09-21,20.530001,21.129999,20.459999,21.08,4069700
2015-09-22,20.65,20.74,20.440001,20.610001,3294900
2015-09-23,20.68,20.690001,20.379999,20.450001,1932100
2015-09-24,20.24,20.5,20.17,20.41,3110500
2015-09-25,20.74,20.91,20.68,20.719999,3924400
2015-09-28,20.620001,20.68,20.219999,20.27,2829100
2015-09-29,20.25,20.41,20.15,20.309999,2972900
2015-09-30,20.469999,20.68,20.440001,20.639999,3500000
2015-10-01,20.74,20.75,20.42,20.68,3822600
2015-10-02,20.379999,20.48,20.030001,20.440001,2693200
2015-10-05,20.639999,20.99,20.6,20.82,5954800
2015-10-06,20.85,21.08,20.780001,21.02,2349800
2015-10-07,21.24,21.530001,21.200001,21.43,3742500
2015-10-08,21.360001,21.65,21.25,21.620001,1910900
2015-10-09,21.68,21.73,21.450001,21.58,1886600
2015-10-13,21.65,21.73,21.450001,21.559999,2237800
2015-10-14,21.51,21.58,21.18,21.26,2916900
2015-10-15,21.440001,21.540001,21.030001,21.08,2601300
2015-10-16,21.16,21.360001,21.1,21.27,2257200
2015-10-19,21.190001,21.48,21.190001,21.33,1625400
2015-10-20,21.549999,21.65,21.379999,21.610001,1749300
2015-10-21,21.73,22.030001,21.73,21.73,2496300
2015-10-22,21.889999,22.23,21.85,22.07,2582900
2015-10-23,22.360001,22.48,22.23,22.440001,3012200
2015-10-26,22.5,22.549999,22.129999,22.15,2966500
2015-10-27,22.1,22.25,21.91,22.040001,5948700
2015-10-28,22.139999,22.58,22,22.57,2492200
2015-10-29,22.57,22.620001,22.16,22.23,2447300
2015-10-30,22.25,22.290001,21.68,21.68,3638300
2015-11-02,21.690001,21.9,21.66,21.809999,2410100
2015-11-03,21.85,21.93,21.66,21.85,1899300
2015-11-04,21.85,21.950001,21.620001,21.68,2327500
2015-11-05,21.65,21.74,21.49,21.57,2287700
2015-11-06,21.860001,22.469999,21.77,22.360001,3817000
2015-11-09,22.41,22.450001,21.870001,22.110001,2411900
2015-11-10,22.01,22.15,21.83,22.110001,2489800
2015-11-11,22.190001,22.25,21.959999,22.16,1774500
2015-11-12,21.549999,21.82,21.25,21.35,5340500
2015-11-13,21.110001,21.469999,21.110001,21.290001,2523900
2015-11-16,21.35,21.68,21.24,21.66,1993700
2015-11-17,21.870001,21.959999,21.67,21.77,2225100
2015-11-18,21.84,22.08,21.799999,21.940001,2842400
2015-11-19,22,22.24,21.940001,22.17,2620900
2015-11-20,22.200001,22.219999,21.860001,21.870001,2603300
2015-11-23,21.870001,21.91,21.629999,21.67,1723300
2015-11-24,21.540001,21.92,21.51,21.75,3236800
2015-11-25,21.879999,21.950001,21.73,21.780001,1965600
2015-11-26,21.75,21.969999,21.75,21.85,906900
2015-11-27,21.799999,21.92,21.74,21.799999,1383200
2015-11-30,21.790001,22.1,21.780001,21.98,2783600
2015-12-01,21.98,22.469999,21.969999,22.469999,6750600
2015-12-02,22.5,22.65,22.389999,22.450001,5737200
2015-12-03,22.57,22.57,21.950001,22.08,2784600
2015-12-04,22.059999,22.33,21.99,22.309999,2734600
2015-12-07,22.219999,22.32,21.700001,21.84,2907600
2015-12-08,21.540001,21.620001,21,21.07,4074700
2015-12-09,21.040001,21.440001,20.84,20.959999,4542300
2015-12-10,20.93,21.219999,20.82,21.01,2810700
2015-12-11,20.82,20.85,20.35,20.469999,3406100
2015-12-14,20.49,20.629999,20.120001,20.360001,3671300
2015-12-15,20.51,20.799999,20.49,20.68,3456600
2015-12-16,20.790001,21.129999,20.6,21.030001,4080500
2015-12-17,21.129999,21.200001,20.27,20.43,5127100
2015-12-18,20.280001,20.58,20.27,20.52,7962500
2015-12-21,20.67,20.940001,20.459999,20.940001,4618500
2015-12-22,20.99,21,20.58,20.93,2343900
2015-12-23,21.1,21.280001,20.91,21.280001,2005700
2015-12-24,21.280001,21.440001,21.23,21.24,800300
2015-12-29,21.26,21.450001,21.190001,21.33,1280900
2015-12-30,21.27,21.4,21.09,21.17,1136100
2015-12-31,20.92,20.99,20.690001,20.74,1794900
2016-01-04,20.389999,20.48,20.049999,20.43,3023300
2016-01-05,20.49,20.530001,20.030001,20.200001,2975700
2016-01-06,20,20.049999,19.610001,19.73,3735100
2016-01-07,19.450001,19.450001,18.82,18.860001,6363900
2016-01-08,19.07,19.209999,18.950001,19.01,8086600
2016-01-11,19.15,19.16,18.67,18.940001,3873500
2016-01-12,19.040001,19.16,18.469999,18.83,3688100
2016-01-13,18.959999,19.15,18.48,18.52,6706300
2016-01-14,18.5,18.92,18.219999,18.82,3852900
2016-01-15,18.200001,18.41,17.84,18.040001,10053400
2016-01-18,17.950001,18.110001,17.85,17.860001,1450100
2016-01-19,18.24,18.280001,17.92,18.040001,4291500
2016-01-20,17.799999,18.049999,17.129999,17.75,5282200
2016-01-21,17.780001,18.42,17.719999,18.26,5118100
2016-01-22,18.780001,18.879999,18.51,18.709999,3530500
2016-01-25,18.709999,18.709999,18.120001,18.209999,3001700
2016-01-26,18.299999,18.530001,18.209999,18.41,2581700
2016-01-27,18.41,18.85,18.32,18.5,3943000
2016-01-28,18.809999,19.129999,18.52,19.129999,3328100
2016-01-29,19.25,19.469999,18.83,19.469999,5655700
2016-02-01,19.209999,19.32,18.940001,19.209999,2408800
2016-02-02,18.59,18.67,18.02,18.209999,5997700
2016-02-03,18.42,18.459999,17.83,18.16,4479300
2016-02-04,18.15,18.780001,18.15,18.66,3908800
2016-02-05,18.690001,19.02,18.6,18.780001,4716300
2016-02-08,18.5,18.540001,18.110001,18.24,4380600
2016-02-09,18,18.059999,17.219999,17.540001,6495900
2016-02-10,17.65,17.809999,17.23,17.309999,4499500
2016-02-11,16.91,16.92,15.32,15.84,14758700
2016-02-12,16.219999,16.309999,15.92,16.309999,6699900
2016-02-16,16.67,16.690001,16.02,16.629999,6991400
2016-02-17,16.950001,18,16.9,17.879999,9488200
2016-02-18,18,18.09,17.48,18,6424400
2016-02-19,17.76,17.799999,17.24,17.549999,5838600
2016-02-22,17.75,17.84,17.559999,17.59,5842900
2016-02-23,17.700001,17.790001,17.280001,17.459999,6178400
2016-02-24,17.16,17.280001,16.719999,17.18,5895300
2016-02-25,17.280001,17.540001,17.139999,17.530001,3673300
2016-02-26,17.700001,18.110001,17.620001,17.889999,4084200
2016-02-29,17.969999,18.18,17.790001,18.110001,5405800
2016-03-01,18.27,18.879999,18.26,18.860001,5272300
2016-03-02,18.799999,18.969999,18.379999,18.620001,4294000
2016-03-03,18.66,18.93,18.360001,18.389999,4618500
2016-03-04,18.42,18.58,18.309999,18.43,4336200
2016-03-07,18.379999,18.700001,18.280001,18.5,3791800
2016-03-08,18.43,18.540001,18.049999,18.280001,3587200
2016-03-09,18.450001,18.49,18.129999,18.34,4728600
2016-03-10,18.5,18.549999,18.059999,18.24,3696300
2016-03-11,18.43,18.879999,18.309999,18.879999,3395000
2016-03-14,18.84,19.07,18.719999,18.76,2987500
2016-03-15,18.700001,18.780001,18.4,18.639999,3541100
2016-03-16,18.75,18.93,18.43,18.440001,3297000
2016-03-17,18.450001,18.690001,18.290001,18.620001,3588100
2016-03-18,18.58,18.74,18.43,18.48,8826100
2016-03-21,18.49,19.030001,18.48,19.02,3309500
2016-03-22,18.780001,18.85,18.65,18.67,2871900
2016-03-23,18.950001,18.950001,18.540001,18.639999,2243700
2016-03-24,18.5,18.52,18.17,18.440001,2695100
2016-03-28,18.51,18.700001,18.360001,18.67,1944800
2016-03-29,18.5,18.52,18.049999,18.09,4127600
2016-03-30,18.290001,18.530001,18.17,18.450001,2540500
2016-03-31,18.35,18.540001,18.32,18.379999,3966200
2016-04-01,18.280001,18.41,18.1,18.27,2491600
2016-04-04,18.299999,18.35,17.940001,17.99,2287500
2016-04-05,17.76,17.93,17.49,17.799999,2794300
2016-04-06,17.889999,18.040001,17.709999,18.040001,3379600
2016-04-07,17.82,17.85,16.98,17.09,7916800
2016-04-08,17.299999,17.549999,17.110001,17.209999,5690300
2016-04-11,17.290001,17.450001,17.26,17.32,2582000
2016-04-12,17.469999,17.950001,17.34,17.809999,4382700
2016-04-13,18,18.24,17.959999,18.190001,3225100
2016-04-14,18.200001,18.5,18.200001,18.43,2878200
2016-04-15,18.309999,18.379999,18.17,18.23,2066500
2016-04-18,18.15,18.559999,18.1,18.459999,4193400
2016-04-19,18.51,18.639999,18.41,18.610001,3879500
2016-04-20,18.629999,19.24,18.57,19.129999,4454000
2016-04-21,19.110001,19.18,18.82,18.959999,4320300
2016-04-22,18.98,19.09,18.75,18.780001,3177700
2016-04-25,18.700001,18.82,18.549999,18.82,2793100
2016-04-26,18.870001,18.940001,18.65,18.66,2683800
2016-04-27,18.809999,18.809999,18.58,18.690001,2762100
2016-04-28,18.58,18.6,18.290001,18.379999,3069400
2016-04-29,18.4,18.5,18.219999,18.5,3534000
2016-05-02,18.43,18.5,18.209999,18.370001,2351500
2016-05-03,18.200001,18.209999,17.65,18,4164400
2016-05-04,17.870001,18.17,17.85,18.07,2477000
2016-05-05,18.58,18.639999,18.24,18.26,5945400
2016-05-06,18.280001,18.559999,18.17,18.35,2849800
2016-05-09,18.299999,18.379999,18.110001,18.139999,3164800
2016-05-10,18.280001,18.6,18.26,18.360001,4364900
2016-05-11,18.4,18.58,18.26,18.299999,2621200
2016-05-12,18.43,18.48,17.969999,18.25,3796100
2016-05-13,18,18.110001,17.879999,17.9,2971300
2016-05-16,17.959999,18.190001,17.940001,18.08,2397300
